eplenmean,eprewmean,explained_variance,fps,nupdates,policy_entropy,total_timesteps,value_loss
nan,nan,-275.9018249511719,12,1,6.148468017578125,20,2.599037713935104e-07
nan,nan,0.9118007346987724,128,100,6.148468971252441,2000,5.7550142429363405e-08
nan,nan,0.000250399112701416,133,200,6.148468017578125,4000,0.147109717130661
nan,nan,-0.00036263465881347656,133,300,6.148468017578125,6000,3.3422446250915527
nan,nan,0.00017625093460083008,132,400,6.148468017578125,8000,0.2443680465221405
nan,nan,0.0008597373962402344,130,500,6.148468017578125,10000,0.2394757717847824
nan,nan,-6.61611557006836e-05,131,600,6.148468017578125,12000,1.0797111988067627
nan,nan,0.000752568244934082,127,700,6.148467063903809,14000,0.4804765582084656
nan,nan,-0.01718759536743164,126,800,6.148460388183594,16000,0.0008530482882633805
nan,nan,-0.0009932518005371094,126,900,6.1484551429748535,18000,0.8019174337387085
nan,nan,0.0006328225135803223,126,1000,6.1484479904174805,20000,0.43427199125289917
nan,nan,0.0010352134704589844,125,1100,6.1483330726623535,22000,0.2638686001300812
5879.0,-1600349.5,-0.0013408660888671875,125,1200,6.146695137023926,24000,2.73056960105896
5879.0,-1600349.5,0.0005586743354797363,124,1300,6.147984981536865,26000,0.0012475361581891775
6318.0,-1312635.375,0.015956342220306396,123,1400,6.148324012756348,28000,0.00012599857291206717
6643.333333333333,-1440638.4166666667,0.12801945209503174,123,1500,6.148428440093994,30000,1.3986384601594182e-06
6977.5,-1486159.25,-0.022751808166503906,123,1600,6.148035526275635,32000,0.2614855170249939
6977.5,-1486159.25,0.0020496249198913574,123,1700,6.148398399353027,34000,1.702610097709112e-05
6977.5,-1486159.25,0.0007109642028808594,123,1800,6.14838981628418,36000,0.3883756697177887
6977.5,-1486159.25,0.0005674958229064941,122,1900,6.1482062339782715,38000,0.8057070970535278
6977.5,-1486159.25,0.00018775463104248047,120,2000,6.147774696350098,40000,0.05594320222735405
6977.5,-1486159.25,-0.000530242919921875,120,2100,6.1454315185546875,42000,0.06589411199092865
6977.5,-1486159.25,0.002497851848602295,120,2200,6.121733665466309,44000,1.9212493896484375
6977.5,-1486159.25,0.005899250507354736,120,2300,6.14346170425415,46000,1.0868399143218994
6977.5,-1486159.25,0.0007876157760620117,119,2400,6.124997138977051,48000,0.16654574871063232
6977.5,-1486159.25,0.0025463104248046875,118,2500,6.143104076385498,50000,0.12082795053720474
6977.5,-1486159.25,0.00361478328704834,118,2600,6.131947040557861,52000,1.481994390487671
6904.0,-1602186.95,0.0018633604049682617,118,2700,6.138118267059326,54000,0.6300897598266602
6904.0,-1602186.95,0.0016461014747619629,118,2800,6.147551536560059,56000,0.10284905135631561
6922.5,-1580802.0833333333,1.6748905181884766e-05,118,2900,6.1480712890625,58000,2.6919500827789307
6922.5,-1580802.0833333333,0.0055811405181884766,118,3000,6.148238182067871,60000,2.3912853066576645e-06
7267.142857142857,-1519628.2142857143,0.00012642145156860352,119,3100,6.148017883300781,62000,0.0940108522772789
7356.5,-1561179.21875,0.0004038214683532715,118,3200,6.148144721984863,64000,2.670870065689087
7356.5,-1561179.21875,0.0007404088973999023,118,3300,6.14813232421875,66000,0.14706698060035706
7356.5,-1561179.21875,0.006076157093048096,118,3400,6.147119998931885,68000,0.24758334457874298
7356.5,-1561179.21875,0.00022238492965698242,118,3500,6.146075248718262,70000,0.9805234670639038
7356.5,-1561179.21875,0.00021666288375854492,118,3600,6.146413326263428,72000,0.2023119479417801
7356.5,-1561179.21875,0.20327478647232056,118,3700,6.146732807159424,74000,0.00024571793619543314
7356.5,-1561179.21875,-0.07488846778869629,118,3800,6.147068977355957,76000,0.00017843472596723586
7356.5,-1561179.21875,0.013610541820526123,118,3900,6.145495414733887,78000,0.10498406738042831
7255.555555555556,-1539538.611111111,-8.785724639892578e-05,118,4000,6.147790431976318,80000,3.7463645935058594
7255.555555555556,-1539538.611111111,0.001943826675415039,118,4100,6.1437273025512695,82000,2.7248244285583496
7255.555555555556,-1539538.611111111,0.002437114715576172,117,4200,6.145499229431152,84000,1.4431474208831787
7255.555555555556,-1539538.611111111,0.021639525890350342,117,4300,6.078662872314453,86000,2.867182731628418
7255.555555555556,-1539538.611111111,0.0003383755683898926,117,4400,6.137548923492432,88000,0.11445107311010361
7255.555555555556,-1539538.611111111,0.0034391283988952637,118,4500,6.144927024841309,90000,0.24975180625915527
7255.555555555556,-1539538.611111111,0.012712597846984863,118,4600,6.129483699798584,92000,0.28520092368125916
7283.5,-1462222.175,-0.0004347562789916992,117,4700,6.142491340637207,94000,0.9886539578437805
7384.272727272727,-1477342.5454545454,-0.0006496906280517578,117,4800,6.14717960357666,96000,0.24280290305614471
7602.25,-1413620.7916666667,-0.0005143880844116211,117,4900,6.144111633300781,98000,1.597060203552246
7602.25,-1413620.7916666667,-0.0024023056030273438,117,5000,6.146031379699707,100000,0.0912875309586525
7602.25,-1413620.7916666667,-4.0531158447265625e-05,117,5100,6.145730972290039,102000,4.1726274490356445
7602.25,-1413620.7916666667,1.621246337890625e-05,117,5200,6.146248817443848,104000,0.7732403874397278
7602.25,-1413620.7916666667,0.0002251267433166504,117,5300,6.139772891998291,106000,0.5587061643600464
7602.25,-1413620.7916666667,0.0005213022232055664,117,5400,6.142909049987793,108000,0.23249177634716034
7601.538461538462,-1396067.3653846155,-0.0022187232971191406,117,5500,6.138827323913574,110000,0.23060479760169983
7601.538461538462,-1396067.3653846155,0.0005272030830383301,117,5600,6.143515110015869,112000,2.642326831817627
7601.538461538462,-1396067.3653846155,0.0013031959533691406,117,5700,6.121890544891357,114000,0.2296038419008255
7601.538461538462,-1396067.3653846155,-0.0030181407928466797,117,5800,6.124578952789307,116000,0.6762360334396362
7601.538461538462,-1396067.3653846155,-0.00018835067749023438,117,5900,6.146134853363037,118000,0.049118489027023315
7601.538461538462,-1396067.3653846155,-2.181529998779297e-05,117,6000,6.146437644958496,120000,3.2011585235595703
7467.2,-1356518.9833333334,-0.00012624263763427734,117,6100,6.142203330993652,122000,2.6429524421691895
7467.2,-1356518.9833333334,0.0009968280792236328,117,6200,6.146001815795898,124000,1.0513516826904379e-05
7467.2,-1356518.9833333334,0.0006532669067382812,117,6300,6.143265724182129,126000,0.24532416462898254
7467.2,-1356518.9833333334,0.000255584716796875,117,6400,6.144114971160889,128000,0.29686540365219116
7467.2,-1356518.9833333334,-3.6597251892089844e-05,117,6500,6.144031524658203,130000,0.34315216541290283
7467.2,-1356518.9833333334,0.0013971328735351562,117,6600,6.139133930206299,132000,3.0815303325653076
7467.2,-1356518.9833333334,0.0018655657768249512,116,6700,6.135026454925537,134000,0.04797523841261864
7590.4375,-1363133.296875,-0.0001264810562133789,116,6800,6.139536380767822,136000,0.8862951397895813
7590.4375,-1363133.296875,-0.00013244152069091797,116,6900,6.1405181884765625,138000,2.902255058288574
7590.4375,-1363133.296875,0.0019325017929077148,116,7000,6.133988380432129,140000,1.4890333414077759
7590.4375,-1363133.296875,0.0004876255989074707,116,7100,6.126605987548828,142000,1.0218536853790283
7590.4375,-1363133.296875,9.876489639282227e-05,116,7200,6.139906883239746,144000,0.29710274934768677
7670.411764705882,-1358029.3529411764,0.0005304813385009766,116,7300,6.109949588775635,146000,3.5265305042266846
7597.277777777777,-1358789.0,-2.2649765014648438e-06,116,7400,6.130157947540283,148000,2.4211723804473877
7597.277777777777,-1358789.0,-0.001446843147277832,116,7500,6.006617069244385,150000,1.0621236562728882
7593.473684210527,-1334142.8289473683,-0.016210079193115234,116,7600,1.8281123638153076,152000,1.5032871961593628
7593.473684210527,-1334142.8289473683,-0.062424659729003906,115,7700,2.653176784515381,154000,3.792297840118408
7593.473684210527,-1334142.8289473683,-0.03263700008392334,115,7800,3.542443037033081,156000,0.4096077084541321
7593.473684210527,-1334142.8289473683,0.0016984939575195312,115,7900,5.125392913818359,158000,2.8095908164978027
7593.473684210527,-1334142.8289473683,0.0028012990951538086,115,8000,5.691301345825195,160000,2.8477044105529785
7593.473684210527,-1334142.8289473683,0.0001760721206665039,115,8100,6.10582971572876,162000,2.89662504196167
7593.473684210527,-1334142.8289473683,-0.001356959342956543,115,8200,5.260411739349365,164000,2.287008285522461
7454.55,-1256820.875,0.022519230842590332,115,8300,4.022580623626709,166000,2.9289398193359375
7240.304347826087,-1140954.2608695652,-3.814697265625e-06,115,8400,6.084300994873047,168000,1.4516578912734985
7240.304347826087,-1140954.2608695652,-0.00015866756439208984,115,8500,6.078281402587891,170000,1.0366556644439697
7240.304347826087,-1140954.2608695652,0.0008626580238342285,115,8600,5.924854278564453,172000,0.522901177406311
7240.304347826087,-1140954.2608695652,-0.02276742458343506,115,8700,4.5619707107543945,174000,6.285109043121338
7240.304347826087,-1140954.2608695652,0.0017464160919189453,114,8800,2.9948811531066895,176000,5.100050926208496
7240.304347826087,-1140954.2608695652,0.003224015235900879,114,8900,0.7538832426071167,178000,4.197161674499512
7240.304347826087,-1140954.2608695652,-0.00024628639221191406,115,9000,0.4458298683166504,180000,2.950408935546875
7240.304347826087,-1140954.2608695652,0.0008363127708435059,115,9100,0.8701726198196411,182000,0.10586199909448624
7240.304347826087,-1140954.2608695652,-7.30752944946289e-05,115,9200,2.148719072341919,184000,1.9671571254730225
7240.304347826087,-1140954.2608695652,-0.0010535717010498047,115,9300,2.9114575386047363,186000,0.11746778339147568
7240.304347826087,-1140954.2608695652,-0.00033485889434814453,115,9400,3.5375587940216064,188000,2.322603225708008
7240.304347826087,-1140954.2608695652,0.00014418363571166992,115,9500,4.529139041900635,190000,0.7352903485298157
7240.304347826087,-1140954.2608695652,0.00039833784103393555,115,9600,6.030738830566406,192000,2.6637141704559326
7240.304347826087,-1140954.2608695652,0.14427858591079712,115,9700,6.066051006317139,194000,0.001145604532212019
7252.083333333333,-1082818.6458333333,0.0017200708389282227,115,9800,5.622712135314941,196000,6.925065040588379
7270.88,-1062881.84,0.003741323947906494,115,9900,5.735276222229004,198000,4.274454593658447
7297.384615384615,-1078425.8461538462,0.0029529929161071777,115,10000,5.1009416580200195,200000,4.990962982177734
7334.518518518518,-1061357.4722222222,0.002355635166168213,115,10100,6.052203178405762,202000,0.8098225593566895
7334.518518518518,-1061357.4722222222,0.0002837181091308594,114,10200,6.072282314300537,204000,0.15170644223690033
7334.518518518518,-1061357.4722222222,-0.0006251335144042969,114,10300,5.787718772888184,206000,3.7551822662353516
7334.518518518518,-1061357.4722222222,-0.0032606124877929688,114,10400,5.30483341217041,208000,0.7447813153266907
7334.518518518518,-1061357.4722222222,-0.011458992958068848,114,10500,2.7760777473449707,210000,3.258042573928833
7334.518518518518,-1061357.4722222222,-0.0021326541900634766,114,10600,1.7144867181777954,212000,2.1200156211853027
7334.518518518518,-1061357.4722222222,0.00243985652923584,114,10700,4.9913330078125,214000,2.5598793029785156
7334.518518518518,-1061357.4722222222,0.0019898414611816406,114,10800,5.539214134216309,216000,2.9608848094940186
7334.518518518518,-1061357.4722222222,-0.0007277727127075195,114,10900,5.681624412536621,218000,2.09885311126709
7243.5,-1041112.2678571428,-0.0003459453582763672,114,11000,5.326469421386719,220000,8.90400505065918
7162.7,-1026463.4416666667,-0.001592874526977539,113,11100,4.5834150314331055,222000,1.8703620433807373
7129.387096774193,-1006103.0645161291,-0.008025765419006348,113,11200,0.9805811643600464,224000,5.156020164489746
7129.387096774193,-1006103.0645161291,-0.023505210876464844,113,11300,1.4989004135131836,226000,2.3884437084198
7129.387096774193,-1006103.0645161291,-0.010906219482421875,113,11400,1.04061758518219,228000,1.084046721458435
7129.387096774193,-1006103.0645161291,-0.00022041797637939453,113,11500,0.3638266623020172,230000,4.018040180206299
7129.387096774193,-1006103.0645161291,0.00016754865646362305,113,11600,0.21368813514709473,232000,2.1964097023010254
7129.387096774193,-1006103.0645161291,-9.715557098388672e-05,113,11700,0.5771349668502808,234000,2.3384833335876465
7129.387096774193,-1006103.0645161291,-0.0007271766662597656,114,11800,2.756726026535034,236000,0.020809052512049675
7129.387096774193,-1006103.0645161291,0.0013585090637207031,114,11900,2.6618568897247314,238000,0.029621046036481857
7129.387096774193,-1006103.0645161291,0.0004113316535949707,114,12000,3.847121477127075,240000,0.04406818747520447
7129.387096774193,-1006103.0645161291,0.0032939910888671875,114,12100,5.366069793701172,242000,2.8378098011016846
7129.387096774193,-1006103.0645161291,0.07122856378555298,113,12200,6.074526786804199,244000,0.00023773196153342724
7129.387096774193,-1006103.0645161291,0.017242372035980225,113,12300,5.840713977813721,246000,0.04601622745394707
7129.387096774193,-1006103.0645161291,0.014305651187896729,113,12400,4.671348571777344,248000,1.9301421642303467
7129.387096774193,-1006103.0645161291,0.007961273193359375,113,12500,3.753527879714966,250000,3.1690328121185303
7142.5625,-985648.4609375,-0.09969115257263184,113,12600,5.160175323486328,252000,0.22663816809654236
7214.857142857143,-984021.1928571429,0.0027381181716918945,113,12700,5.755307197570801,254000,4.255776405334473
7214.857142857143,-984021.1928571429,-0.017568111419677734,113,12800,3.6732735633850098,256000,1.6377582550048828
7214.857142857143,-984021.1928571429,-0.03900599479675293,113,12900,2.004899263381958,258000,3.768399477005005
7214.857142857143,-984021.1928571429,-0.016005992889404297,113,13000,2.4722743034362793,260000,1.0149338245391846
7214.857142857143,-984021.1928571429,0.0035335421562194824,113,13100,1.8495181798934937,262000,2.047578811645508
7214.857142857143,-984021.1928571429,0.0003789067268371582,113,13200,1.1696574687957764,264000,0.33936506509780884
7214.857142857143,-984021.1928571429,-0.0005506277084350586,113,13300,0.46256932616233826,266000,2.0432052612304688
7214.857142857143,-984021.1928571429,-0.0007288455963134766,113,13400,0.6300137639045715,268000,2.046170234680176
7214.857142857143,-984021.1928571429,0.0004811882972717285,113,13500,2.0386016368865967,270000,0.2955097556114197
7214.857142857143,-984021.1928571429,-0.00020551681518554688,113,13600,2.3160243034362793,272000,2.104463577270508
7214.857142857143,-984021.1928571429,0.00020819902420043945,113,13700,2.640124797821045,274000,2.1202774047851562
7214.857142857143,-984021.1928571429,-0.00017535686492919922,113,13800,2.3622612953186035,276000,0.31079956889152527
7214.857142857143,-984021.1928571429,-0.000912785530090332,114,13900,2.32606840133667,278000,0.2748658061027527
7214.857142857143,-984021.1928571429,-0.0004156827926635742,114,14000,2.4458746910095215,280000,2.104761838912964
7214.857142857143,-984021.1928571429,0.0003311038017272949,114,14100,1.8276855945587158,282000,0.5792174339294434
7214.857142857143,-984021.1928571429,3.999471664428711e-05,114,14200,1.8486278057098389,284000,0.28325995802879333
7214.857142857143,-984021.1928571429,-0.0014624595642089844,114,14300,1.6936919689178467,286000,0.2673279643058777
7214.857142857143,-984021.1928571429,-0.0008729696273803711,114,14400,0.16165807843208313,288000,2.017468214035034
7214.857142857143,-984021.1928571429,0.0001366138458251953,114,14500,0.11280465126037598,290000,0.5001407861709595
7292.222222222223,-975714.0833333334,0.002381563186645508,114,14600,0.21782135963439941,292000,0.40401190519332886
7500.51282051282,-910321.9038461539,0.0501554012298584,114,14700,0.9109941720962524,294000,1.5606515407562256
7500.51282051282,-910321.9038461539,0.0004988908767700195,114,14800,2.605921745300293,296000,3.4365437030792236
7500.51282051282,-910321.9038461539,0.00023877620697021484,114,14900,2.004149913787842,298000,6.109912872314453
7500.51282051282,-910321.9038461539,-0.015888094902038574,114,15000,2.6815712451934814,300000,0.21249613165855408
7500.51282051282,-910321.9038461539,-0.0020214319229125977,114,15100,1.2530208826065063,302000,0.18121007084846497
7500.51282051282,-910321.9038461539,-0.005735039710998535,114,15200,5.781563758850098,304000,4.8610734939575195
7500.51282051282,-910321.9038461539,0.08946049213409424,114,15300,6.117225646972656,306000,2.2079335394664668e-05
7500.51282051282,-910321.9038461539,-0.0018851757049560547,114,15400,5.916546821594238,308000,6.450196266174316
7500.51282051282,-910321.9038461539,-0.004346013069152832,114,15500,3.9582581520080566,310000,3.4003944396972656
7359.780487804878,-869363.5426829269,0.06150287389755249,114,15600,3.9743924140930176,312000,2.211306095123291
7359.780487804878,-869363.5426829269,-3.2067298889160156e-05,114,15700,6.044133186340332,314000,3.873157024383545
7287.2558139534885,-870082.5,-0.0011553764343261719,114,15800,6.004251956939697,316000,1.842651605606079
7287.2558139534885,-870082.5,0.03533828258514404,114,15900,3.837785243988037,318000,2.0796139240264893
7287.2558139534885,-870082.5,0.0008619427680969238,114,16000,4.112381935119629,320000,4.318208694458008
7287.2558139534885,-870082.5,0.0022841691970825195,114,16100,3.046456813812256,322000,4.495047569274902
7287.2558139534885,-870082.5,-0.13655531406402588,114,16200,1.632725477218628,324000,0.3771674931049347
7287.2558139534885,-870082.5,-0.0006580352783203125,114,16300,1.5154269933700562,326000,0.42641812562942505
7287.2558139534885,-870082.5,-0.00014078617095947266,114,16400,1.5590226650238037,328000,2.0773353576660156
7287.2558139534885,-870082.5,0.0008783936500549316,115,16500,1.696925401687622,330000,0.2033136785030365
7287.2558139534885,-870082.5,-0.0007728338241577148,115,16600,4.724474906921387,332000,0.9546344876289368
7287.2558139534885,-870082.5,0.000655829906463623,115,16700,5.960090160369873,334000,0.24012675881385803
7287.2558139534885,-870082.5,-0.009829521179199219,115,16800,4.6554646492004395,336000,4.484957695007324
7271.204545454545,-866175.6193181818,-0.0010963678359985352,115,16900,5.639963626861572,338000,2.281977415084839
7271.204545454545,-866175.6193181818,0.00015783309936523438,115,17000,6.032735347747803,340000,2.6673672199249268
7249.608695652174,-866511.375,0.0014865994453430176,114,17100,5.9816436767578125,342000,4.462593078613281
7238.531914893617,-848348.9521276596,0.0002853870391845703,114,17200,4.751620292663574,344000,5.744015216827393
7238.531914893617,-848348.9521276596,-0.008646726608276367,114,17300,3.2141785621643066,346000,4.304998397827148
7238.531914893617,-848348.9521276596,-0.009972572326660156,114,17400,1.2050809860229492,348000,0.9481838941574097
7238.531914893617,-848348.9521276596,-0.03630518913269043,115,17500,1.237913966178894,350000,0.37022465467453003
7238.531914893617,-848348.9521276596,-0.0004221200942993164,115,17600,1.7349603176116943,352000,2.0289223194122314
7238.531914893617,-848348.9521276596,-0.0003923177719116211,115,17700,2.2378692626953125,354000,2.0962562561035156
7238.531914893617,-848348.9521276596,-0.00010764598846435547,115,17800,2.4145874977111816,356000,1.7975883483886719
7238.531914893617,-848348.9521276596,0.0003122687339782715,115,17900,2.8360233306884766,358000,2.209440231323242
7238.531914893617,-848348.9521276596,-0.001217484474182129,115,18000,2.2457149028778076,360000,0.20401115715503693
7238.531914893617,-848348.9521276596,-0.00029528141021728516,115,18100,1.028288722038269,362000,0.4581049978733063
7238.531914893617,-848348.9521276596,0.00022137165069580078,115,18200,0.7019519209861755,364000,2.0219032764434814
7238.531914893617,-848348.9521276596,-0.00030982494354248047,115,18300,1.4197815656661987,366000,1.482997179031372
7238.531914893617,-848348.9521276596,-0.00042498111724853516,115,18400,1.0872867107391357,368000,0.28125274181365967
7238.531914893617,-848348.9521276596,1.6987323760986328e-05,115,18500,1.0663185119628906,370000,0.6361346244812012
7238.531914893617,-848348.9521276596,-0.000491023063659668,115,18600,0.10279761254787445,372000,0.37986332178115845
7238.531914893617,-848348.9521276596,-0.0009906291961669922,115,18700,0.08029124140739441,374000,0.688653826713562
7238.531914893617,-848348.9521276596,-0.000670313835144043,115,18800,0.038778871297836304,376000,2.0077052116394043
7296.0625,-840377.09375,-0.001961827278137207,115,18900,0.5101048350334167,378000,2.2155635356903076
7296.0625,-840377.09375,-0.014456510543823242,115,19000,1.3176400661468506,380000,2.951401472091675
7404.22,-816427.43,-0.022391200065612793,115,19100,1.0610971450805664,382000,2.189502000808716
7455.117647058823,-812671.2647058824,-0.005071163177490234,115,19200,0.7385731935501099,384000,4.212629318237305
7455.117647058823,-812671.2647058824,-0.007385730743408203,115,19300,2.2627952098846436,386000,3.1412649154663086
7455.117647058823,-812671.2647058824,-0.004344463348388672,115,19400,1.3694665431976318,388000,5.584214687347412
7455.117647058823,-812671.2647058824,-0.0003342628479003906,115,19500,3.973855495452881,390000,3.2230751514434814
7455.117647058823,-812671.2647058824,4.470348358154297e-06,115,19600,4.638091087341309,392000,1.972529649734497
7455.117647058823,-812671.2647058824,0.0018649101257324219,115,19700,4.667788505554199,394000,0.0466962568461895
7455.117647058823,-812671.2647058824,-7.43865966796875e-05,115,19800,6.1222639083862305,396000,2.6599624156951904
7455.117647058823,-812671.2647058824,-0.003798365592956543,115,19900,5.837650775909424,398000,5.260032653808594
7455.117647058823,-812671.2647058824,0.023608922958374023,115,20000,4.328133583068848,400000,2.5763070583343506
7338.481481481482,-822683.9398148148,-0.018848419189453125,115,20100,6.0380449295043945,402000,1.1056530475616455
7338.481481481482,-822683.9398148148,0.0022009611129760742,115,20200,6.054110050201416,404000,0.673084557056427
7308.890909090909,-805478.0590909091,0.004579663276672363,115,20300,5.787271976470947,406000,1.3843441009521484
7308.890909090909,-805478.0590909091,0.00018465518951416016,115,20400,4.050606727600098,408000,3.80580472946167
7308.890909090909,-805478.0590909091,0.003569185733795166,115,20500,5.173519134521484,410000,3.58758544921875
7308.890909090909,-805478.0590909091,0.0017078518867492676,115,20600,5.594303607940674,412000,3.907989501953125
7308.890909090909,-805478.0590909091,0.002225637435913086,115,20700,1.367000699043274,414000,2.120232582092285
7308.890909090909,-805478.0590909091,0.0006886124610900879,115,20800,1.279269814491272,416000,2.008439302444458
7308.890909090909,-805478.0590909091,-0.00027179718017578125,115,20900,2.7202188968658447,418000,2.0829739570617676
7308.890909090909,-805478.0590909091,0.0003783702850341797,115,21000,1.0634855031967163,420000,0.38340312242507935
7308.890909090909,-805478.0590909091,0.0005687475204467773,115,21100,1.3696238994598389,422000,2.064662456512451
7308.890909090909,-805478.0590909091,0.0001627802848815918,115,21200,3.7031302452087402,424000,2.1727757453918457
7308.890909090909,-805478.0590909091,0.027253568172454834,115,21300,4.591509819030762,426000,2.7582554817199707
7308.890909090909,-805478.0590909091,-0.02115917205810547,115,21400,6.102630615234375,428000,0.00013677228707820177
7308.890909090909,-805478.0590909091,-0.00022935867309570312,115,21500,6.083416938781738,430000,2.8662009239196777
7308.890909090909,-805478.0590909091,0.004362702369689941,115,21600,4.900872707366943,432000,2.908820390701294
7313.543859649123,-810967.1228070175,-0.003986954689025879,115,21700,4.684042930603027,434000,1.1107110977172852
7357.0847457627115,-825904.9957627119,0.0032692551612854004,115,21800,5.6294074058532715,436000,2.6209263801574707
7357.0847457627115,-825904.9957627119,-0.010824918746948242,115,21900,2.014634609222412,438000,2.4662821292877197
7357.0847457627115,-825904.9957627119,-0.026409387588500977,115,22000,0.4443717896938324,440000,3.9905307292938232
7357.0847457627115,-825904.9957627119,0.0012831687927246094,115,22100,0.6184414029121399,442000,0.41042375564575195
7357.0847457627115,-825904.9957627119,0.0011461377143859863,115,22200,0.3929872512817383,444000,0.2779919505119324
7357.0847457627115,-825904.9957627119,7.963180541992188e-05,115,22300,2.595216751098633,446000,5.438577175140381
7357.0847457627115,-825904.9957627119,0.027532577514648438,115,22400,4.980751991271973,448000,1.1412811279296875
7357.0847457627115,-825904.9957627119,0.4639427065849304,115,22500,6.058345794677734,450000,2.2244614683586406e-06
7357.0847457627115,-825904.9957627119,0.03361994028091431,115,22600,5.078708648681641,452000,0.3377527594566345
7357.0847457627115,-825904.9957627119,0.0071787238121032715,115,22700,4.859255313873291,454000,1.3577091693878174
7357.0847457627115,-825904.9957627119,0.0491979718208313,115,22800,3.4881882667541504,456000,1.3983814716339111
7301.6557377049185,-830479.8319672131,-0.000784754753112793,114,22900,5.615293025970459,458000,1.1760575771331787
7271.3650793650795,-825751.6071428572,0.017808496952056885,114,23000,3.729686737060547,460000,3.8713390827178955
7271.3650793650795,-825751.6071428572,-0.00045502185821533203,114,23100,0.31726309657096863,462000,7.765927314758301
7271.3650793650795,-825751.6071428572,0.0010181665420532227,114,23200,0.6751294732093811,464000,3.5128254890441895
7271.3650793650795,-825751.6071428572,-0.059090256690979004,114,23300,0.9761165380477905,466000,2.27439546585083
7271.3650793650795,-825751.6071428572,0.0001633763313293457,114,23400,0.5063343644142151,468000,0.14862534403800964
7271.3650793650795,-825751.6071428572,-0.00014066696166992188,114,23500,0.12967075407505035,470000,0.289416640996933
7271.3650793650795,-825751.6071428572,0.00010222196578979492,114,23600,0.04665272682905197,472000,2.060029983520508
7271.3650793650795,-825751.6071428572,0.0005536675453186035,114,23700,0.04886974021792412,474000,2.1016464233398438
7271.3650793650795,-825751.6071428572,-0.0006411075592041016,114,23800,0.06213942915201187,476000,2.104691505432129
7271.3650793650795,-825751.6071428572,-0.0002942085266113281,114,23900,0.12287044525146484,478000,1.7985769510269165
7271.3650793650795,-825751.6071428572,-0.0011622905731201172,114,24000,0.03136010468006134,480000,0.2472224235534668
7271.3650793650795,-825751.6071428572,-0.0007263422012329102,114,24100,0.014204424805939198,482000,0.33867764472961426
7271.3650793650795,-825751.6071428572,0.0004671812057495117,114,24200,0.016506174579262733,484000,2.075881004333496
7271.3650793650795,-825751.6071428572,0.00042551755905151367,114,24300,0.018837425857782364,486000,2.1058754920959473
7271.3650793650795,-825751.6071428572,0.00024384260177612305,114,24400,0.025581857189536095,488000,3.0408127307891846
7271.3650793650795,-825751.6071428572,-0.00124359130859375,114,24500,0.024599259719252586,490000,0.18989290297031403
7271.3650793650795,-825751.6071428572,-0.00016748905181884766,114,24600,0.005928338039666414,492000,0.2882937490940094
7271.3650793650795,-825751.6071428572,0.0012587904930114746,114,24700,0.00105174514465034,494000,0.6104820966720581
7271.3650793650795,-825751.6071428572,0.0017209649085998535,114,24800,0.0025197204668074846,496000,0.5740354657173157
7355.323076923077,-813668.5115384615,0.0003992319107055664,114,24900,0.015255969949066639,498000,3.5956077575683594
7434.268656716418,-793402.5485074627,0.0007436275482177734,114,25000,0.056485652923583984,500000,4.907797813415527
7434.268656716418,-793402.5485074627,-0.0016989707946777344,114,25100,0.023275697603821754,502000,6.899361610412598
7434.268656716418,-793402.5485074627,0.0002739429473876953,114,25200,0.04382315278053284,504000,1.8615562915802002
7434.268656716418,-793402.5485074627,-0.0004881620407104492,114,25300,0.1412898153066635,506000,0.07273409515619278
7434.268656716418,-793402.5485074627,0.0012913942337036133,114,25400,0.16416434943675995,508000,0.10197381675243378
7434.268656716418,-793402.5485074627,-0.0003281831741333008,114,25500,1.3252025842666626,510000,2.3186676502227783
7434.268656716418,-793402.5485074627,3.534555435180664e-05,115,25600,4.963278770446777,512000,2.0483593940734863
7434.268656716418,-793402.5485074627,-4.935264587402344e-05,115,25700,4.693581581115723,514000,3.801598072052002
7434.268656716418,-793402.5485074627,7.349252700805664e-05,115,25800,3.8490867614746094,516000,2.560408115386963
7434.268656716418,-793402.5485074627,-0.017653703689575195,115,25900,5.935278415679932,518000,0.27498307824134827
7434.268656716418,-793402.5485074627,0.0015508532524108887,115,26000,6.005781173706055,520000,1.2974498271942139
7416.676470588235,-786644.4558823529,-0.0013452768325805664,115,26100,5.869712829589844,522000,3.8706328868865967
7398.130434782609,-795581.6304347826,-7.37905502319336e-05,115,26200,5.579653739929199,524000,3.181180000305176
7398.130434782609,-795581.6304347826,0.0020142197608947754,115,26300,4.456368923187256,526000,1.5256558656692505
7394.56338028169,-827473.1056338028,0.006744861602783203,115,26400,4.699123859405518,528000,1.6550071239471436
7394.56338028169,-827473.1056338028,-0.0009299516677856445,115,26500,0.7690175771713257,530000,5.4990973472595215
7394.56338028169,-827473.1056338028,-0.007645368576049805,115,26600,0.28099679946899414,532000,2.9306697845458984
7394.56338028169,-827473.1056338028,0.005600929260253906,115,26700,1.2213281393051147,534000,0.09370645135641098
7394.56338028169,-827473.1056338028,-9.107589721679688e-05,115,26800,1.408456802368164,536000,0.08130966126918793
7394.56338028169,-827473.1056338028,-0.0011502504348754883,115,26900,3.2426064014434814,538000,0.04128574579954147
7394.56338028169,-827473.1056338028,-0.0001081228256225586,115,27000,5.023587226867676,540000,3.792086124420166
7394.56338028169,-827473.1056338028,-0.004588961601257324,115,27100,5.963441848754883,542000,0.04488162323832512
7394.56338028169,-827473.1056338028,-0.010460376739501953,115,27200,5.709532737731934,544000,4.970412254333496
7394.56338028169,-827473.1056338028,0.015291392803192139,115,27300,4.644082546234131,546000,6.934030055999756
7357.541666666667,-822588.625,-0.0007292032241821289,115,27400,5.412656307220459,548000,0.9242388010025024
7351.7945205479455,-824595.7910958905,-0.011382102966308594,115,27500,5.979636192321777,550000,0.18151414394378662
7321.72,-835347.2766666666,0.000925898551940918,115,27600,5.82436990737915,552000,7.189350128173828
7321.72,-835347.2766666666,0.0023789405822753906,115,27700,1.8270667791366577,554000,7.577937126159668
7321.72,-835347.2766666666,-0.016207575798034668,115,27800,2.798597812652588,556000,2.291865587234497
7321.72,-835347.2766666666,-0.004025697708129883,115,27900,2.25307297706604,558000,1.9360262155532837
7321.72,-835347.2766666666,-0.00047647953033447266,115,28000,1.3622156381607056,560000,0.1614997833967209
7321.72,-835347.2766666666,0.00017327070236206055,115,28100,2.5221309661865234,562000,2.2593395709991455
7321.72,-835347.2766666666,-8.881092071533203e-05,115,28200,4.41332483291626,564000,1.3474252223968506
7321.72,-835347.2766666666,-5.6743621826171875e-05,115,28300,5.245461463928223,566000,5.830763816833496
7321.72,-835347.2766666666,0.004524886608123779,115,28400,5.780652046203613,568000,0.9091222882270813
7321.72,-835347.2766666666,-0.001021742820739746,115,28500,6.077632904052734,570000,1.8029344081878662
7321.72,-835347.2766666666,0.0017846226692199707,115,28600,5.880367755889893,572000,1.6681747436523438
7308.1578947368425,-820007.802631579,-0.0179671049118042,115,28700,5.151364803314209,574000,4.481646537780762
7296.025974025974,-820393.525974026,0.00817042589187622,115,28800,5.182908058166504,576000,3.9626617431640625
7283.51282051282,-815549.1858974359,-0.0013371706008911133,115,28900,5.996701717376709,578000,2.462074041366577
7292.303797468355,-814092.4968354431,0.0038920044898986816,115,29000,5.864662170410156,580000,1.706783652305603
7292.303797468355,-814092.4968354431,-0.014553546905517578,115,29100,5.469806671142578,582000,1.1388790607452393
7292.303797468355,-814092.4968354431,-0.0008747577667236328,114,29200,3.1698484420776367,584000,7.548449516296387
7292.303797468355,-814092.4968354431,-0.0004686117172241211,114,29300,0.9831271171569824,586000,0.2527156472206116
7292.303797468355,-814092.4968354431,-0.001914381980895996,115,29400,5.290205478668213,588000,0.01519599836319685
7292.303797468355,-814092.4968354431,0.003477036952972412,115,29500,5.840944766998291,590000,0.8455162048339844
7292.303797468355,-814092.4968354431,-0.001807093620300293,114,29600,6.06705379486084,592000,0.100774846971035
7263.3,-813004.459375,0.003740668296813965,114,29700,5.5434980392456055,594000,1.35927414894104
7263.3,-813004.459375,0.011937141418457031,114,29800,4.122069835662842,596000,1.6665832996368408
7241.938271604939,-805245.3919753087,-0.002074599266052246,114,29900,5.073366165161133,598000,4.221266746520996
7224.780487804878,-810001.7957317074,0.002567887306213379,114,30000,5.8622002601623535,600000,0.47329479455947876
7203.1325301204815,-801735.0873493976,-0.0006088018417358398,114,30100,5.794817924499512,602000,4.392103672027588
7203.1325301204815,-801735.0873493976,-0.006259322166442871,114,30200,3.0931496620178223,604000,2.0528712272644043
7203.1325301204815,-801735.0873493976,0.04440361261367798,114,30300,2.618040084838867,606000,0.36377009749412537
7203.1325301204815,-801735.0873493976,0.014452636241912842,114,30400,1.1134300231933594,608000,0.3888716697692871
7203.1325301204815,-801735.0873493976,0.00024330615997314453,114,30500,1.4208253622055054,610000,2.1503825187683105
7203.1325301204815,-801735.0873493976,-6.67572021484375e-06,114,30600,4.212218761444092,612000,2.392963409423828
7203.1325301204815,-801735.0873493976,-8.940696716308594e-06,114,30700,5.04641580581665,614000,2.5939877033233643
7203.1325301204815,-801735.0873493976,0.010266005992889404,114,30800,5.446481227874756,616000,0.01007776241749525
7203.1325301204815,-801735.0873493976,-0.0005662441253662109,114,30900,6.034717082977295,618000,0.09927026927471161
7203.1325301204815,-801735.0873493976,0.00502246618270874,114,31000,5.390030860900879,620000,5.583392143249512
7200.9047619047615,-807394.7857142857,-0.0052748918533325195,114,31100,5.479466438293457,622000,1.2330242395401
7200.9047619047615,-807394.7857142857,-0.0026416778564453125,114,31200,4.791318416595459,624000,1.629743218421936
7189.523255813953,-801722.3633720931,-0.00038683414459228516,114,31300,5.521148681640625,626000,1.21128511428833
7181.896551724138,-804176.9770114942,0.0035545825958251953,114,31400,5.133147239685059,628000,2.039823293685913
7181.896551724138,-804176.9770114942,-0.007678866386413574,114,31500,2.798656940460205,630000,1.4937021732330322
7181.896551724138,-804176.9770114942,-0.006291031837463379,114,31600,1.3962388038635254,632000,2.1854681968688965
7181.896551724138,-804176.9770114942,0.00033408403396606445,114,31700,1.7191245555877686,634000,6.344124794006348
7181.896551724138,-804176.9770114942,0.0002143383026123047,114,31800,2.700453281402588,636000,0.20667457580566406
7181.896551724138,-804176.9770114942,-5.412101745605469e-05,114,31900,3.5415892601013184,638000,0.045926712453365326
7181.896551724138,-804176.9770114942,-0.00045311450958251953,114,32000,3.679887294769287,640000,0.04635494947433472
7181.896551724138,-804176.9770114942,-0.0002027750015258789,114,32100,3.419560194015503,642000,2.3333141803741455
7181.896551724138,-804176.9770114942,0.00012159347534179688,114,32200,3.9865729808807373,644000,0.04107930511236191
7181.896551724138,-804176.9770114942,0.00025194883346557617,114,32300,4.457756996154785,646000,4.799161434173584
7181.896551724138,-804176.9770114942,-8.320808410644531e-05,114,32400,4.57468318939209,648000,2.414973735809326
7181.896551724138,-804176.9770114942,0.0002918839454650879,114,32500,4.8339338302612305,650000,0.025766605511307716
7181.896551724138,-804176.9770114942,0.0037040114402770996,114,32600,4.985378742218018,652000,0.02469145692884922
7181.896551724138,-804176.9770114942,-0.2178659439086914,114,32700,6.113486289978027,654000,3.728921365109272e-05
7181.896551724138,-804176.9770114942,-0.0032634735107421875,114,32800,5.996368885040283,656000,3.4833457469940186
7181.896551724138,-804176.9770114942,0.013433754444122314,114,32900,4.014743804931641,658000,4.585935115814209
7194.443181818182,-795678.3721590909,0.015013396739959717,114,33000,4.394709587097168,660000,3.2827582359313965
7244.022222222222,-792567.213888889,0.004520535469055176,114,33100,5.196596145629883,662000,3.0297837257385254
7267.241758241758,-786719.8324175824,0.00022393465042114258,114,33200,5.926667213439941,664000,2.923140525817871
7267.241758241758,-786719.8324175824,0.004519104957580566,114,33300,5.208750247955322,666000,3.2978920936584473
7267.241758241758,-786719.8324175824,0.0005957484245300293,114,33400,3.74473237991333,668000,6.314167022705078
7267.241758241758,-786719.8324175824,0.044020235538482666,114,33500,2.3668675422668457,670000,4.013509273529053
7267.241758241758,-786719.8324175824,-0.0007076263427734375,114,33600,1.6694167852401733,672000,0.21045410633087158
7267.241758241758,-786719.8324175824,-0.0004252195358276367,114,33700,2.515047788619995,674000,2.195683240890503
7267.241758241758,-786719.8324175824,-0.00212252140045166,114,33800,3.262568235397339,676000,0.0864090695977211
7267.241758241758,-786719.8324175824,0.00010591745376586914,114,33900,3.511155605316162,678000,2.2827327251434326
7267.241758241758,-786719.8324175824,0.00030303001403808594,114,34000,4.241668701171875,680000,1.2370938062667847
7267.241758241758,-786719.8324175824,5.4001808166503906e-05,114,34100,4.811418056488037,682000,1.9660604000091553
7267.241758241758,-786719.8324175824,0.0012233853340148926,114,34200,4.174829483032227,684000,0.07482071965932846
7267.241758241758,-786719.8324175824,-0.00037384033203125,114,34300,4.209839344024658,686000,2.287747621536255
7267.241758241758,-786719.8324175824,-0.005829453468322754,114,34400,4.405714988708496,688000,0.07609974592924118
7267.241758241758,-786719.8324175824,0.0014806389808654785,114,34500,5.63812255859375,690000,2.733766794204712
7267.241758241758,-786719.8324175824,0.0014429688453674316,114,34600,6.087868690490723,692000,7.62824010848999
7267.241758241758,-786719.8324175824,-0.0009528398513793945,114,34700,5.692166805267334,694000,5.3492889404296875
7297.4946236559135,-769136.7043010753,0.0030358433723449707,114,34800,5.699790954589844,696000,5.070563316345215
7297.4946236559135,-769136.7043010753,-0.0007828474044799805,114,34900,6.0895514488220215,698000,0.8184434771537781
7313.691489361702,-749270.2792553192,-0.005977034568786621,114,35000,5.9745192527771,700000,0.4344945549964905
7341.905263157894,-753165.1289473685,-0.0001163482666015625,114,35100,6.003087520599365,702000,0.9785095453262329
7341.905263157894,-753165.1289473685,-0.0006264448165893555,114,35200,5.899685859680176,704000,5.166686058044434
7341.905263157894,-753165.1289473685,-0.002042055130004883,114,35300,4.743278503417969,706000,4.939477443695068
7341.905263157894,-753165.1289473685,-0.0007346868515014648,114,35400,2.82279634475708,708000,3.3469200134277344
7341.905263157894,-753165.1289473685,0.005310535430908203,114,35500,2.006713390350342,710000,0.22176828980445862
7341.905263157894,-753165.1289473685,-0.00032973289489746094,114,35600,2.6683859825134277,712000,0.17083270847797394
7341.905263157894,-753165.1289473685,-0.002007603645324707,114,35700,3.519975185394287,714000,2.2364163398742676
7341.905263157894,-753165.1289473685,-0.00025010108947753906,114,35800,4.0807719230651855,716000,0.09205585718154907
7341.905263157894,-753165.1289473685,0.0030966997146606445,114,35900,4.662513732910156,718000,0.5587294697761536
7341.905263157894,-753165.1289473685,-0.0007188320159912109,114,36000,5.978745460510254,720000,4.066715240478516
7341.905263157894,-753165.1289473685,0.0003414750099182129,114,36100,5.933427810668945,722000,1.1380163431167603
7336.947916666667,-745677.1458333334,0.001624763011932373,114,36200,5.766787528991699,724000,4.787566184997559
7340.865979381443,-736317.7113402062,0.004883170127868652,114,36300,4.734593868255615,726000,4.5481438636779785
7340.865979381443,-736317.7113402062,-0.003474593162536621,114,36400,4.475447177886963,728000,6.256735801696777
7337.404040404041,-732806.3611111111,0.01089620590209961,114,36500,4.443875312805176,730000,2.181269407272339
7337.404040404041,-732806.3611111111,0.011442124843597412,114,36600,3.6300759315490723,732000,3.411426544189453
7337.404040404041,-732806.3611111111,-0.002185344696044922,114,36700,4.073186874389648,734000,5.724846839904785
7337.404040404041,-732806.3611111111,0.01618194580078125,114,36800,3.015127658843994,736000,2.1721673011779785
7337.404040404041,-732806.3611111111,0.000420987606048584,114,36900,2.6832542419433594,738000,0.20096787810325623
7337.404040404041,-732806.3611111111,-0.0005534887313842773,114,37000,3.8002586364746094,740000,2.2608344554901123
7337.404040404041,-732806.3611111111,0.00025284290313720703,114,37100,4.318356990814209,742000,0.0704447403550148
7337.404040404041,-732806.3611111111,-0.00031304359436035156,114,37200,4.416403770446777,744000,2.2967255115509033
7337.404040404041,-732806.3611111111,-0.0002428293228149414,114,37300,4.923669338226318,746000,0.676831841468811
7337.404040404041,-732806.3611111111,0.00036257505416870117,114,37400,4.535296440124512,748000,0.08154501765966415
7337.404040404041,-732806.3611111111,3.516674041748047e-05,114,37500,5.757706642150879,750000,3.088418483734131
7337.404040404041,-732806.3611111111,-0.006587505340576172,114,37600,5.762439727783203,752000,2.9215896129608154
7337.404040404041,-732806.3611111111,-0.00042128562927246094,114,37700,5.040097713470459,754000,4.038196563720703
7337.404040404041,-732806.3611111111,-0.007726907730102539,114,37800,3.054353952407837,756000,5.354611873626709
7343.89,-733814.9375,-0.020995616912841797,114,37900,3.42167592048645,758000,3.3923861980438232
7387.86,-739317.7,0.00011676549911499023,114,38000,5.726364612579346,760000,2.0168039798736572
7387.86,-739317.7,-0.0015960931777954102,114,38100,4.782524585723877,762000,4.453617572784424
7387.86,-739317.7,-0.006433606147766113,114,38200,3.727097988128662,764000,2.6490068435668945
7387.86,-739317.7,0.014760971069335938,114,38300,2.776878833770752,766000,0.6591446995735168
7387.86,-739317.7,-0.0016255378723144531,114,38400,2.608145236968994,768000,0.18342117965221405
7387.86,-739317.7,6.788969039916992e-05,114,38500,5.246005058288574,770000,7.33770227432251
7387.86,-739317.7,-0.0024698972702026367,114,38600,5.925702095031738,772000,2.753467082977295
7387.86,-739317.7,0.0011015534400939941,114,38700,5.453973293304443,774000,2.7934346199035645
7387.86,-739317.7,-0.0016303062438964844,114,38800,5.016046047210693,776000,7.868124485015869
7354.44,-737127.2825,0.018981575965881348,114,38900,2.7119176387786865,778000,5.439454078674316
7324.3,-726378.455,-0.002840399742126465,114,39000,4.168532371520996,780000,4.285861015319824
7283.72,-727556.0325,-8.83340835571289e-05,114,39100,5.845407962799072,782000,4.231120586395264
7283.72,-727556.0325,-0.0052411556243896484,114,39200,5.611448287963867,784000,2.0333235263824463
7283.72,-727556.0325,-0.0015933513641357422,114,39300,5.1042046546936035,786000,4.119288444519043
7283.72,-727556.0325,0.008105218410491943,114,39400,5.363368511199951,788000,0.19644895195960999
7283.72,-727556.0325,0.0005810260772705078,114,39500,4.793402671813965,790000,0.04395627602934837
7283.72,-727556.0325,0.0035245418548583984,114,39600,5.644643306732178,792000,0.15918606519699097
7283.72,-727556.0325,8.749961853027344e-05,114,39700,6.041718482971191,794000,0.2300543487071991
7283.72,-727556.0325,0.002554953098297119,114,39800,5.203733921051025,796000,4.957266807556152
7251.4,-714567.59,0.0038510560989379883,114,39900,4.575567722320557,798000,3.6499087810516357
7251.4,-714567.59,-0.0002467632293701172,114,40000,5.329768657684326,800000,5.5439558029174805
7185.07,-716941.9425,0.0001696944236755371,114,40100,5.383403778076172,802000,4.834015846252441
7185.07,-716941.9425,-0.009246230125427246,114,40200,2.893554449081421,804000,4.622647285461426
7185.07,-716941.9425,-0.014127492904663086,114,40300,3.325611114501953,806000,3.9341423511505127
7185.07,-716941.9425,0.0030448436737060547,114,40400,3.3907723426818848,808000,0.11716123670339584
7185.07,-716941.9425,-0.016640901565551758,114,40500,5.639655590057373,810000,0.013299745507538319
7185.07,-716941.9425,0.38322073221206665,114,40600,6.037647247314453,812000,0.0002590954245533794
7185.07,-716941.9425,0.0003400444984436035,114,40700,5.965375900268555,814000,3.997936964035034
7185.07,-716941.9425,-0.00549769401550293,114,40800,4.381102085113525,816000,5.285079002380371
7185.07,-716941.9425,-0.003197908401489258,114,40900,4.4008612632751465,818000,1.5042445659637451
7116.47,-714400.0425,0.002055943012237549,114,41000,5.041267395019531,820000,3.0822062492370605
7080.84,-712953.715,0.0016741156578063965,114,41100,5.615321159362793,822000,6.795393943786621
7080.84,-712953.715,0.0008559823036193848,114,41200,3.183401107788086,824000,6.7433271408081055
7080.84,-712953.715,0.008049607276916504,114,41300,0.7407773733139038,826000,2.5846760272979736
7080.84,-712953.715,-0.0012732744216918945,114,41400,2.1041109561920166,828000,2.0566468238830566
7080.84,-712953.715,0.0001900196075439453,114,41500,3.3256821632385254,830000,4.261492729187012
7080.84,-712953.715,-0.0032540559768676758,115,41600,4.334334373474121,832000,0.19449742138385773
7080.84,-712953.715,-0.0022935867309570312,115,41700,4.649773597717285,834000,0.06053689867258072
7080.84,-712953.715,-0.00017023086547851562,115,41800,4.583075046539307,836000,2.3120837211608887
7080.84,-712953.715,-0.0006492137908935547,115,41900,4.372637748718262,838000,0.08165641874074936
7080.84,-712953.715,0.0025194883346557617,115,42000,5.252767562866211,840000,2.6471152305603027
7080.84,-712953.715,-0.00022518634796142578,115,42100,4.868780612945557,842000,2.518704891204834
7080.84,-712953.715,0.000240325927734375,115,42200,5.362913131713867,844000,0.054003648459911346
7080.84,-712953.715,0.0016794800758361816,115,42300,5.341175079345703,846000,0.8786035776138306
7080.84,-712953.715,-0.0004534721374511719,115,42400,5.735970497131348,848000,5.629149436950684
7057.02,-703041.3325,0.0,115,42500,5.895985126495361,850000,1.363748550415039
7057.02,-703041.3325,5.960464477539063e-08,115,42600,5.695573806762695,852000,0.6137384176254272
7057.02,-703041.3325,-1.1920928955078125e-07,115,42700,5.618298530578613,854000,3.282033920288086
7081.21,-713072.6975,0.0,115,42800,5.348206520080566,856000,3.960571765899658
7096.74,-724821.28,-1.1920928955078125e-07,115,42900,5.821307182312012,858000,1.1567223072052002
7096.74,-724821.28,0.0,115,43000,5.927218914031982,860000,0.8733660578727722
7096.74,-724821.28,-1.1920928955078125e-07,115,43100,5.993890762329102,862000,0.673509418964386
7096.74,-724821.28,0.0,115,43200,5.924378395080566,864000,1.939845085144043
7091.27,-725637.445,0.0,115,43300,5.926123142242432,866000,0.2687205672264099
7091.27,-725637.445,0.0,115,43400,5.8592729568481445,868000,5.8926286697387695
7091.27,-725637.445,0.0,115,43500,5.959766387939453,870000,1.80996835231781
7091.27,-725637.445,0.0,115,43600,5.963715553283691,872000,0.8585587739944458
7095.32,-745180.63,1.1920928955078125e-07,115,43700,6.008981227874756,874000,0.2840586304664612
7065.28,-735238.025,0.0,115,43800,6.007534980773926,876000,0.6931672096252441
7062.45,-733208.93,0.0,115,43900,5.965556621551514,878000,1.462958574295044
7062.45,-733208.93,-1.1920928955078125e-07,115,44000,5.844431400299072,880000,3.745145320892334
7062.45,-733208.93,0.0,115,44100,5.698655128479004,882000,5.65816593170166
7062.45,-733208.93,5.960464477539063e-08,115,44200,5.610564231872559,884000,3.4961307048797607
7039.19,-729143.025,0.0,115,44300,5.693546295166016,886000,2.7403061389923096
7039.19,-729143.025,1.7881393432617188e-07,115,44400,5.361676216125488,888000,0.08141370117664337
7039.19,-729143.025,2.384185791015625e-07,115,44500,4.903796195983887,890000,3.0336992740631104
7039.19,-729143.025,-1.1920928955078125e-07,115,44600,5.034204959869385,892000,2.623955726623535
7039.19,-729143.025,0.0,115,44700,4.7470598220825195,894000,0.06411001086235046
7013.51,-736232.185,1.1920928955078125e-07,115,44800,5.202291488647461,896000,0.02424551546573639
7013.51,-736232.185,0.0,115,44900,4.809378623962402,898000,0.3801918923854828
7013.51,-736232.185,0.0,115,45000,4.896552085876465,900000,1.556807518005371
7013.51,-736232.185,0.0,115,45100,4.970426082611084,902000,1.5109885931015015
6989.3,-733387.615,0.0,115,45200,4.203927993774414,904000,6.101069450378418
6989.3,-733387.615,-1.3113021850585938e-06,115,45300,4.017225742340088,906000,3.8273868560791016
6989.3,-733387.615,0.0,115,45400,4.129876136779785,908000,2.4724626541137695
6989.3,-733387.615,5.960464477539063e-08,115,45500,4.299563407897949,910000,0.13025060296058655
6989.3,-733387.615,5.960464477539063e-08,115,45600,4.7443928718566895,912000,0.084225133061409
6989.3,-733387.615,-1.1920928955078125e-07,115,45700,5.285377502441406,914000,2.4668688774108887
6989.3,-733387.615,-1.1920928955078125e-07,115,45800,5.636658668518066,916000,0.014670349657535553
6989.3,-733387.615,-1.1920928955078125e-07,115,45900,5.823232173919678,918000,4.690824031829834
6989.3,-733387.615,0.0,115,46000,5.947291851043701,920000,5.547088623046875
7029.11,-737897.2225,0.0,115,46100,5.946457386016846,922000,3.2499046325683594
7028.23,-750216.7225,0.0,115,46200,5.826783180236816,924000,2.0480713844299316
7019.23,-760239.31,5.960464477539063e-08,115,46300,5.982134819030762,926000,4.051836967468262
7019.23,-760239.31,-1.1920928955078125e-07,115,46400,6.007152557373047,928000,1.2666610479354858
7019.23,-760239.31,0.0,115,46500,6.026112079620361,930000,1.7327442169189453
7019.23,-760239.31,5.960464477539063e-08,115,46600,5.993683815002441,932000,0.044562652707099915
7019.23,-760239.31,0.0,115,46700,5.977999687194824,934000,0.5307973623275757
7019.23,-760239.31,0.0,115,46800,5.982470512390137,936000,6.412964808077959e-07
7019.23,-760239.31,1.1920928955078125e-07,115,46900,5.971920967102051,938000,1.8839919567108154
7019.23,-760239.31,0.0,115,47000,5.949441432952881,940000,1.5577547550201416
7019.23,-760239.31,0.0,115,47100,5.88613224029541,942000,7.7231574058532715
6937.77,-730425.59,0.0,115,47200,5.936517715454102,944000,1.8131821155548096
6905.85,-716443.97,5.960464477539063e-08,115,47300,5.930355072021484,946000,1.7910465002059937
6905.85,-716443.97,2.980232238769531e-07,115,47400,5.861156940460205,948000,0.0047930339351296425
6905.85,-716443.97,0.0,115,47500,5.804601669311523,950000,1.538547158241272
6905.85,-716443.97,0.0,115,47600,5.5794172286987305,952000,2.3026556968688965
6905.85,-716443.97,0.0,115,47700,5.3225297927856445,954000,2.5341362953186035
6905.85,-716443.97,0.0,115,47800,5.403508186340332,956000,0.05103641748428345
6905.85,-716443.97,1.1920928955078125e-07,115,47900,5.444314956665039,958000,0.37107348442077637
6905.85,-716443.97,5.960464477539063e-08,115,48000,5.656214714050293,960000,0.20003290474414825
6905.85,-716443.97,0.0,115,48100,5.721879005432129,962000,3.3491077423095703
6905.85,-716443.97,0.0,115,48200,5.841109752655029,964000,1.502550482749939
6816.84,-738202.3875,1.1920928955078125e-07,115,48300,5.864484786987305,966000,2.9854726791381836
6777.97,-745587.6025,0.0,115,48400,5.798568248748779,968000,4.033708572387695
6777.97,-745587.6025,0.0,115,48500,5.760804176330566,970000,1.400310754776001
6777.97,-745587.6025,0.0,115,48600,5.705574989318848,972000,3.6650052070617676
6748.38,-765127.7875,5.960464477539063e-08,115,48700,5.68874979019165,974000,3.480297088623047
6748.38,-765127.7875,0.0,115,48800,5.603689193725586,976000,3.0655860900878906
6748.38,-765127.7875,1.7881393432617188e-07,115,48900,5.478064060211182,978000,2.7598228454589844
6748.38,-765127.7875,0.0,115,49000,5.282077789306641,980000,4.276566982269287
6748.38,-765127.7875,0.0,115,49100,5.4697675704956055,982000,2.529920816421509
6747.24,-781238.2775,-1.1920928955078125e-07,115,49200,5.273882865905762,984000,0.9660531878471375
6747.24,-781238.2775,-1.1920928955078125e-07,115,49300,5.211063385009766,986000,1.0322884321212769
6759.25,-779462.2175,0.0,115,49400,5.079422473907471,988000,1.5497350692749023
6759.25,-779462.2175,0.0,115,49500,4.899744987487793,990000,0.17309750616550446
6759.76,-775288.1475,0.0,115,49600,4.543625354766846,992000,2.2897706031799316
6759.76,-775288.1475,-1.1920928955078125e-07,115,49700,4.383793354034424,994000,3.2245688438415527
6759.76,-775288.1475,0.0,115,49800,4.20097541809082,996000,0.10587207973003387
6759.76,-775288.1475,-1.1920928955078125e-07,115,49900,4.468096733093262,998000,2.278663158416748
6759.76,-775288.1475,5.960464477539063e-08,115,50000,4.117074966430664,1000000,3.177647829055786
6759.76,-775288.1475,0.0,115,50100,4.183351039886475,1002000,0.22572331130504608
6759.76,-775288.1475,1.1920928955078125e-07,115,50200,4.737850189208984,1004000,0.6916607022285461
6779.85,-764252.6825,0.0,115,50300,4.714886665344238,1006000,0.7565885782241821
6779.85,-764252.6825,0.0,115,50400,4.7688703536987305,1008000,0.9203910827636719
6779.85,-764252.6825,1.1920928955078125e-07,115,50500,5.022595405578613,1010000,3.3583931922912598
6771.64,-763217.145,1.7881393432617188e-07,115,50600,4.996967315673828,1012000,0.15118694305419922
6771.64,-763217.145,0.0,115,50700,4.656556129455566,1014000,0.4339199662208557
6771.64,-763217.145,0.0,116,50800,4.849221229553223,1016000,2.6450037956237793
6771.64,-763217.145,3.5762786865234375e-07,116,50900,4.9346394538879395,1018000,0.1354803740978241
6771.64,-763217.145,1.1920928955078125e-07,116,51000,4.712611198425293,1020000,2.994216203689575
6771.64,-763217.145,2.384185791015625e-07,116,51100,5.008414268493652,1022000,6.613643646240234
6799.42,-765617.99,-1.1920928955078125e-07,116,51200,5.073795318603516,1024000,0.35719895362854004
6799.42,-765617.99,-1.1920928955078125e-07,116,51300,4.8139262199401855,1026000,3.0960350036621094
6829.31,-772155.51,0.0,116,51400,4.964150905609131,1028000,2.6879770755767822
6829.31,-772155.51,0.0,116,51500,4.610864162445068,1030000,1.375807762145996
6829.31,-772155.51,1.7881393432617188e-07,116,51600,4.613752841949463,1032000,1.361855149269104
6829.31,-772155.51,0.0,116,51700,4.461167335510254,1034000,1.8739944696426392
6829.31,-772155.51,0.0,116,51800,4.36997127532959,1036000,0.5420387387275696
6829.31,-772155.51,0.0,116,51900,4.929995059967041,1038000,2.711766004562378
6846.18,-781857.9375,5.960464477539063e-08,116,52000,4.633179664611816,1040000,3.1591296195983887
6846.18,-781857.9375,1.1920928955078125e-07,116,52100,4.53614616394043,1042000,4.5849785804748535
6828.58,-766553.5225,-1.1920928955078125e-07,116,52200,4.891587257385254,1044000,4.300645351409912
6828.58,-766553.5225,0.0,116,52300,4.699758529663086,1046000,3.7599284648895264
6828.58,-766553.5225,0.0,116,52400,4.5684967041015625,1048000,2.3182742595672607
6828.58,-766553.5225,-1.1920928955078125e-07,116,52500,4.779864311218262,1050000,3.076211452484131
6798.95,-776533.6175,1.7881393432617188e-07,116,52600,4.851123332977295,1052000,0.38472211360931396
6798.95,-776533.6175,1.7881393432617188e-07,116,52700,4.72937536239624,1054000,2.3680450916290283
6798.95,-776533.6175,0.0,116,52800,4.544275283813477,1056000,8.498459815979004
6798.95,-776533.6175,-1.1920928955078125e-07,116,52900,4.586289882659912,1058000,3.3974311351776123
6798.95,-776533.6175,5.960464477539063e-08,116,53000,5.006070613861084,1060000,5.989118576049805
6781.05,-791153.505,0.0,116,53100,5.158087730407715,1062000,3.119767189025879
6744.26,-797879.845,0.0,116,53200,5.181854248046875,1064000,1.4320003986358643
6750.1,-802905.16,-1.1920928955078125e-07,116,53300,5.125283241271973,1066000,1.9928251504898071
6750.1,-802905.16,0.0,116,53400,4.874163627624512,1068000,0.7830044031143188
6750.1,-802905.16,0.0,116,53500,4.7085981369018555,1070000,0.6103504300117493
6750.1,-802905.16,1.1920928955078125e-07,116,53600,4.451454162597656,1072000,3.5714123249053955
6750.1,-802905.16,-1.1920928955078125e-07,116,53700,4.315301895141602,1074000,0.2001316100358963
6750.1,-802905.16,-2.384185791015625e-07,116,53800,4.357386112213135,1076000,0.33168238401412964
6750.1,-802905.16,0.0,116,53900,4.451310157775879,1078000,1.204703688621521
6750.1,-802905.16,1.7881393432617188e-07,116,54000,4.518268585205078,1080000,0.18533630669116974
6776.59,-789054.315,0.0,116,54100,4.9712347984313965,1082000,4.427271366119385
6776.59,-789054.315,0.0,116,54200,4.6282958984375,1084000,0.06628245860338211
6776.59,-789054.315,1.1920928955078125e-07,116,54300,4.344594478607178,1086000,2.593499183654785
6776.59,-789054.315,-1.1920928955078125e-07,116,54400,3.874263048171997,1088000,1.0993837118148804
6776.59,-789054.315,-1.1920928955078125e-07,116,54500,4.258893013000488,1090000,6.029934406280518
6776.59,-789054.315,0.0,116,54600,4.943500518798828,1092000,3.9894089698791504
6787.12,-784938.3325,5.960464477539063e-08,116,54700,4.567222595214844,1094000,6.213791847229004
6805.91,-789610.78,-1.1920928955078125e-07,116,54800,4.841744422912598,1096000,4.649743556976318
6805.91,-789610.78,-1.1920928955078125e-07,116,54900,4.608607292175293,1098000,4.012210845947266
6832.76,-787935.6425,0.0,116,55000,4.489447593688965,1100000,6.291139125823975
6832.76,-787935.6425,5.960464477539063e-08,116,55100,4.043408393859863,1102000,3.927314281463623
6832.76,-787935.6425,1.1920928955078125e-07,116,55200,3.810192823410034,1104000,2.815035343170166
6832.76,-787935.6425,1.1920928955078125e-07,116,55300,3.9226975440979004,1106000,0.09787188470363617
6832.76,-787935.6425,1.7881393432617188e-07,116,55400,4.173978328704834,1108000,0.08371888101100922
6832.76,-787935.6425,-1.1920928955078125e-07,116,55500,4.557349681854248,1110000,0.07528582960367203
6832.76,-787935.6425,-1.1920928955078125e-07,116,55600,4.887946128845215,1112000,0.0415266714990139
6832.76,-787935.6425,1.1920928955078125e-07,116,55700,4.923823833465576,1114000,2.645915985107422
6832.76,-787935.6425,5.960464477539063e-08,116,55800,4.784419536590576,1116000,0.9657647013664246
6832.76,-787935.6425,5.960464477539063e-08,116,55900,5.116128444671631,1118000,2.5127670764923096
6803.03,-771124.6675,0.0,116,56000,5.557792663574219,1120000,6.509095668792725
6815.68,-779182.58,-1.1920928955078125e-07,116,56100,5.47342586517334,1122000,3.4526569843292236
6815.68,-779182.58,-1.1920928955078125e-07,116,56200,5.471535682678223,1124000,2.4950008392333984
6815.68,-779182.58,1.1920928955078125e-07,116,56300,5.515362739562988,1126000,0.006749237421900034
6842.05,-760871.94,1.1920928955078125e-07,116,56400,5.5854997634887695,1128000,2.7437031269073486
6842.05,-760871.94,0.0,116,56500,5.426609039306641,1130000,5.671310901641846
6842.05,-760871.94,0.0,116,56600,5.327445030212402,1132000,4.863167762756348
6842.05,-760871.94,0.0,116,56700,5.210844039916992,1134000,1.4081729650497437
6820.1,-765088.6075,0.0,116,56800,4.964780807495117,1136000,1.7466472387313843
6820.1,-765088.6075,0.0,116,56900,4.545129299163818,1138000,0.20413430035114288
6820.1,-765088.6075,-1.1920928955078125e-07,116,57000,4.581883430480957,1140000,0.5427623987197876
6820.1,-765088.6075,2.384185791015625e-07,116,57100,4.615664482116699,1142000,0.19238099455833435
6820.1,-765088.6075,0.0,116,57200,4.764578342437744,1144000,4.651125431060791
6820.1,-765088.6075,5.960464477539063e-08,116,57300,5.025753974914551,1146000,0.03465879708528519
6820.1,-765088.6075,1.1920928955078125e-07,116,57400,5.09796142578125,1148000,3.3742637634277344
6820.1,-765088.6075,0.0,116,57500,5.297718048095703,1150000,4.451652526855469
6836.64,-757247.7375,0.0,116,57600,5.253878593444824,1152000,1.205353021621704
6840.13,-752554.3525,0.0,116,57700,5.2551374435424805,1154000,3.723037004470825
6840.13,-752554.3525,-1.1920928955078125e-07,116,57800,5.37650203704834,1156000,3.3409264087677
6812.73,-758478.6925,0.0,116,57900,5.472012519836426,1158000,2.418025493621826
6812.73,-758478.6925,0.0,116,58000,5.448681354522705,1160000,0.9729636311531067
6812.73,-758478.6925,0.0,116,58100,5.177891731262207,1162000,1.516704797744751
6780.32,-770704.9325,0.0,116,58200,4.933478355407715,1164000,4.4017133712768555
6780.32,-770704.9325,-1.1920928955078125e-07,116,58300,4.651310920715332,1166000,2.508051872253418
6780.32,-770704.9325,1.1920928955078125e-07,116,58400,4.389827728271484,1168000,1.4151748418807983
6780.32,-770704.9325,0.0,116,58500,4.496307373046875,1170000,0.07603629678487778
6780.32,-770704.9325,-1.1920928955078125e-07,116,58600,4.685921669006348,1172000,0.38143497705459595
6780.32,-770704.9325,0.0,116,58700,4.529570579528809,1174000,0.4567212462425232
6780.32,-770704.9325,0.0,116,58800,4.991098403930664,1176000,4.656373500823975
6740.99,-788131.4575,0.0,116,58900,5.467095375061035,1178000,7.3758368492126465
6693.87,-791342.145,1.1920928955078125e-07,116,59000,5.486048221588135,1180000,4.295292377471924
6702.88,-795557.4175,-2.384185791015625e-07,116,59100,5.356186866760254,1182000,1.309571623802185
6691.87,-796752.095,0.0,116,59200,5.2003021240234375,1184000,7.766330718994141
6691.87,-796752.095,0.0,116,59300,4.916319847106934,1186000,0.5940400958061218
6691.87,-796752.095,1.7881393432617188e-07,116,59400,4.622350692749023,1188000,0.920099139213562
6691.87,-796752.095,1.1920928955078125e-07,116,59500,4.360043525695801,1190000,3.24918794631958
6691.87,-796752.095,0.0,116,59600,4.401000022888184,1192000,2.281329393386841
6691.87,-796752.095,2.384185791015625e-07,116,59700,4.539555549621582,1194000,3.1460037231445312
6691.87,-796752.095,0.0,116,59800,4.717591285705566,1196000,3.622178316116333
6691.87,-796752.095,1.1920928955078125e-07,116,59900,4.732709884643555,1198000,0.04977475479245186
6691.87,-796752.095,0.0,116,60000,5.100285053253174,1200000,0.44810667634010315
6673.84,-791945.055,0.0,116,60100,4.909895896911621,1202000,2.422919750213623
6673.84,-791945.055,-1.1920928955078125e-07,116,60200,4.958646774291992,1204000,1.3780394792556763
6673.84,-791945.055,0.0,116,60300,5.041576862335205,1206000,2.1284844875335693
6673.84,-791945.055,5.960464477539063e-08,116,60400,5.478171348571777,1208000,5.106032371520996
6701.39,-769535.76,1.7881393432617188e-07,116,60500,5.5606794357299805,1210000,0.22004547715187073
6703.48,-771556.8175,-2.384185791015625e-07,116,60600,5.464370250701904,1212000,3.3609910011291504
6703.48,-771556.8175,-1.1920928955078125e-07,116,60700,5.2899980545043945,1214000,3.1322391033172607
6703.48,-771556.8175,0.0,116,60800,5.240413665771484,1216000,2.837012529373169
6678.93,-768395.865,5.960464477539063e-08,116,60900,4.762439727783203,1218000,7.004066467285156
6678.93,-768395.865,0.0,116,61000,4.578318119049072,1220000,2.456462860107422
6678.93,-768395.865,0.0,116,61100,4.399899482727051,1222000,0.07086694240570068
6678.93,-768395.865,0.0,116,61200,4.0917463302612305,1224000,2.2275912761688232
6678.93,-768395.865,0.0,116,61300,4.06618595123291,1226000,3.3322854042053223
6678.93,-768395.865,0.0,116,61400,4.076491355895996,1228000,2.3862829208374023
6678.93,-768395.865,0.0,116,61500,3.9569220542907715,1230000,2.2054717540740967
6678.93,-768395.865,-1.1920928955078125e-07,116,61600,4.425696849822998,1232000,3.1494288444519043
6682.67,-748158.5375,1.1920928955078125e-07,116,61700,4.711647033691406,1234000,2.9669747352600098
6682.67,-748158.5375,-1.1920928955078125e-07,116,61800,4.7202839851379395,1236000,3.9543709754943848
6682.67,-748158.5375,1.7881393432617188e-07,116,61900,4.730759620666504,1238000,7.944450378417969
6705.45,-752329.7675,0.0,116,62000,5.168777942657471,1240000,3.8964626789093018
6705.45,-752329.7675,5.960464477539063e-08,116,62100,4.907722473144531,1242000,3.2772698402404785
6709.81,-753372.3225,5.960464477539063e-08,116,62200,4.926215648651123,1244000,3.9342141151428223
6709.81,-753372.3225,0.0,116,62300,4.688954830169678,1246000,1.3325152397155762
6709.81,-753372.3225,1.1920928955078125e-07,116,62400,4.468502521514893,1248000,2.6579272747039795
6709.81,-753372.3225,-2.384185791015625e-07,116,62500,4.320237159729004,1250000,0.1972486674785614
6709.81,-753372.3225,0.0,116,62600,4.184591293334961,1252000,1.5592279434204102
6709.81,-753372.3225,-1.1920928955078125e-07,116,62700,4.510158538818359,1254000,5.390164375305176
6709.81,-753372.3225,-1.1920928955078125e-07,116,62800,4.741970062255859,1256000,1.7336370944976807
6687.34,-753640.925,1.1920928955078125e-07,116,62900,4.939328193664551,1258000,0.6914180517196655
6686.62,-751076.3325,0.0,116,63000,4.9761857986450195,1260000,1.201672911643982
6686.62,-751076.3325,0.0,116,63100,4.778301239013672,1262000,3.234900951385498
6686.62,-751076.3325,0.0,116,63200,4.702708721160889,1264000,4.430811882019043
6696.3,-761023.025,0.0,116,63300,4.9070353507995605,1266000,3.3748512268066406
6696.3,-761023.025,0.0,116,63400,4.954948425292969,1268000,0.3768538534641266
6696.3,-761023.025,0.0,116,63500,4.820640563964844,1270000,3.5659873485565186
6708.8,-750248.1225,0.0,116,63600,5.003784656524658,1272000,3.558202028274536
6708.8,-750248.1225,0.0,116,63700,4.800259590148926,1274000,3.877110719680786
6701.14,-758725.1675,0.0,116,63800,4.638279914855957,1276000,2.655247449874878
6701.14,-758725.1675,0.0,116,63900,4.468118190765381,1278000,2.63920259475708
6701.14,-758725.1675,0.0,116,64000,4.315357685089111,1280000,0.08625819534063339
6701.14,-758725.1675,0.0,117,64100,4.267642974853516,1282000,0.09776542335748672
6701.14,-758725.1675,0.0,117,64200,4.269308090209961,1284000,0.10150761902332306
6701.14,-758725.1675,0.0,117,64300,4.276392936706543,1286000,1.4422447681427002
6701.14,-758725.1675,1.7881393432617188e-07,117,64400,4.247066974639893,1288000,1.1213217973709106
6701.14,-758725.1675,0.0,117,64500,4.617441177368164,1290000,4.032917022705078
6695.58,-763135.09,-1.1920928955078125e-07,117,64600,4.826249122619629,1292000,3.055924892425537
6695.58,-763135.09,1.1920928955078125e-07,117,64700,4.815677642822266,1294000,1.211768388748169
6720.11,-763247.93,-1.1920928955078125e-07,117,64800,5.058375358581543,1296000,4.606813430786133
6712.09,-763871.9975,0.0,117,64900,4.9566650390625,1298000,0.1538187563419342
6712.09,-763871.9975,-1.1920928955078125e-07,117,65000,4.818296432495117,1300000,0.8005421757698059
6712.09,-763871.9975,-2.384185791015625e-07,117,65100,4.671354293823242,1302000,0.043710388243198395
6712.09,-763871.9975,0.0,117,65200,4.788177490234375,1304000,0.5807521343231201
6723.24,-758192.8725,1.7881393432617188e-07,117,65300,4.781503677368164,1306000,0.6283424496650696
6723.24,-758192.8725,0.0,117,65400,4.436090469360352,1308000,0.9741044044494629
6723.24,-758192.8725,-1.1920928955078125e-07,117,65500,4.38116455078125,1310000,1.006671667098999
6723.24,-758192.8725,1.1920928955078125e-07,117,65600,4.340027809143066,1312000,0.11030478775501251
6723.24,-758192.8725,1.1920928955078125e-07,117,65700,4.325439453125,1314000,0.09213272482156754
6723.24,-758192.8725,-2.384185791015625e-07,117,65800,4.434210777282715,1316000,2.3568644523620605
6723.24,-758192.8725,1.1920928955078125e-07,117,65900,4.6120758056640625,1318000,3.519932508468628
6723.24,-758192.8725,0.0,117,66000,4.6353864669799805,1320000,4.109255313873291
6723.24,-758192.8725,0.0,117,66100,4.6516218185424805,1322000,0.2645668387413025
6720.37,-764876.5425,0.0,117,66200,5.099327087402344,1324000,2.132050037384033
6682.62,-770969.61,0.0,117,66300,5.204438209533691,1326000,3.9784328937530518
6661.2,-775060.7575,0.0,117,66400,5.102689743041992,1328000,5.589913368225098
6650.42,-780325.7975,0.0,117,66500,5.126298904418945,1330000,3.341452121734619
6650.42,-780325.7975,-1.1920928955078125e-07,117,66600,4.835451602935791,1332000,1.7174819707870483
6650.42,-780325.7975,0.0,117,66700,4.681415557861328,1334000,0.2678123116493225
6650.42,-780325.7975,0.0,117,66800,4.410374164581299,1336000,2.307298183441162
6650.42,-780325.7975,0.0,117,66900,4.235542297363281,1338000,0.08389899879693985
6650.42,-780325.7975,0.0,117,67000,4.1505632400512695,1340000,0.094413161277771
6650.42,-780325.7975,5.960464477539063e-08,117,67100,4.16762638092041,1342000,1.8633016347885132
6650.42,-780325.7975,-1.1920928955078125e-07,117,67200,4.204087734222412,1344000,4.425224304199219
6650.42,-780325.7975,1.1920928955078125e-07,117,67300,4.189949035644531,1346000,0.09326671063899994
6650.42,-780325.7975,-1.1920928955078125e-07,117,67400,4.2261857986450195,1348000,0.09114304929971695
6650.42,-780325.7975,0.0,117,67500,4.1323699951171875,1350000,0.09984348714351654
6650.42,-780325.7975,0.0,117,67600,4.111117362976074,1352000,1.179222583770752
6650.42,-780325.7975,1.1920928955078125e-07,117,67700,4.1331048011779785,1354000,0.5410224795341492
6650.42,-780325.7975,-1.1920928955078125e-07,117,67800,4.131511688232422,1356000,2.2428274154663086
6650.42,-780325.7975,1.1920928955078125e-07,117,67900,4.204912185668945,1358000,0.09897854179143906
6650.42,-780325.7975,0.0,117,68000,4.343972682952881,1360000,0.23216326534748077
6650.42,-780325.7975,0.0,117,68100,4.245502948760986,1362000,1.030475378036499
6668.21,-774476.6675,-1.1920928955078125e-07,117,68200,4.479806900024414,1364000,4.080724239349365
6676.94,-755896.48,0.0,117,68300,4.917010307312012,1366000,4.455801963806152
6681.35,-756871.5975,0.0,117,68400,4.8806304931640625,1368000,4.896072864532471
6681.35,-756871.5975,0.0,117,68500,4.783480167388916,1370000,0.4759617745876312
6681.35,-756871.5975,-2.384185791015625e-07,117,68600,4.535665512084961,1372000,1.3035472631454468
6681.35,-756871.5975,0.0,117,68700,4.244439125061035,1374000,0.10606078058481216
6681.35,-756871.5975,0.0,117,68800,4.2625732421875,1376000,2.225172758102417
6681.35,-756871.5975,5.960464477539063e-08,117,68900,4.207808971405029,1378000,0.1333969235420227
6681.35,-756871.5975,0.0,117,69000,4.173105716705322,1380000,2.1958439350128174
6681.35,-756871.5975,0.0,117,69100,4.261269569396973,1382000,2.628797769546509
6681.35,-756871.5975,0.0,117,69200,4.281739234924316,1384000,0.11537866294384003
6681.35,-756871.5975,-1.1920928955078125e-07,117,69300,4.259028434753418,1386000,0.12296304851770401
6681.35,-756871.5975,5.960464477539063e-08,117,69400,4.321331024169922,1388000,0.11933942884206772
6681.35,-756871.5975,0.0,117,69500,4.43381929397583,1390000,0.20226609706878662
6681.35,-756871.5975,0.0,117,69600,4.462229251861572,1392000,5.449605464935303
6681.35,-756871.5975,0.0,117,69700,4.5849480628967285,1394000,3.3635363578796387
6681.35,-756871.5975,0.0,117,69800,4.712967872619629,1396000,0.35326308012008667
6686.87,-769554.9175,1.1920928955078125e-07,117,69900,4.637029647827148,1398000,1.6201202869415283
6686.87,-769554.9175,5.960464477539063e-08,117,70000,4.613700866699219,1400000,4.577489376068115
6686.87,-769554.9175,-1.1920928955078125e-07,117,70100,4.636744499206543,1402000,1.8691127300262451
6709.7,-758367.2,0.0,117,70200,4.944642543792725,1404000,5.849045753479004
6762.45,-753256.9725,0.0,117,70300,4.819256782531738,1406000,3.024219036102295
6762.45,-753256.9725,1.7881393432617188e-07,117,70400,4.676971435546875,1408000,0.6783092617988586
6762.45,-753256.9725,0.0,117,70500,4.553088665008545,1410000,2.725032091140747
6762.45,-753256.9725,5.960464477539063e-08,117,70600,4.452994346618652,1412000,2.8914363384246826
6762.45,-753256.9725,1.1920928955078125e-07,117,70700,4.410414695739746,1414000,2.2365784645080566
6762.45,-753256.9725,-2.384185791015625e-07,117,70800,4.563668727874756,1416000,3.3919849395751953
6762.45,-753256.9725,-1.1920928955078125e-07,117,70900,4.68972110748291,1418000,2.3068714141845703
6762.45,-753256.9725,0.0,117,71000,4.76505184173584,1420000,0.06455022096633911
6762.45,-753256.9725,0.0,117,71100,4.891790390014648,1422000,0.1272551715373993
6762.45,-753256.9725,0.0,117,71200,4.916735649108887,1424000,0.2042539119720459
6762.45,-753256.9725,0.0,117,71300,4.841835975646973,1426000,0.2999514937400818
6762.45,-753256.9725,0.0,117,71400,5.177972793579102,1428000,3.383800983428955
6749.04,-731950.24,-1.1920928955078125e-07,117,71500,5.40079927444458,1430000,4.2903289794921875
6749.04,-731950.24,0.0,117,71600,5.302906036376953,1432000,4.186791896820068
6727.62,-734440.27,0.0,117,71700,5.329015731811523,1434000,4.3726091384887695
6727.62,-734440.27,0.0,117,71800,5.35502815246582,1436000,4.8226447105407715
6734.18,-722809.9775,0.0,117,71900,5.336981773376465,1438000,2.9070041179656982
6734.18,-722809.9775,1.1920928955078125e-07,117,72000,5.086171627044678,1440000,0.5863053202629089
6734.18,-722809.9775,0.0,117,72100,5.003161430358887,1442000,0.7487380504608154
6734.18,-722809.9775,0.0,117,72200,5.020358085632324,1444000,0.43682289123535156
6734.18,-722809.9775,-1.1920928955078125e-07,117,72300,4.970839500427246,1446000,0.038305725902318954
6734.18,-722809.9775,1.1920928955078125e-07,117,72400,5.004581928253174,1448000,0.3619038164615631
6734.18,-722809.9775,1.1920928955078125e-07,117,72500,4.92202091217041,1450000,3.0629196166992188
6734.18,-722809.9775,-1.1920928955078125e-07,117,72600,4.9785871505737305,1452000,0.7366214394569397
6734.18,-722809.9775,0.0,117,72700,5.151546478271484,1454000,3.3957009315490723
6741.54,-733788.805,0.0,117,72800,5.136624336242676,1456000,3.844345808029175
6759.6,-730088.8025,5.960464477539063e-08,117,72900,5.145892143249512,1458000,1.1278043985366821
6759.6,-730088.8025,0.0,117,73000,5.1103668212890625,1460000,3.3707573413848877
6785.22,-714445.575,5.960464477539063e-08,117,73100,5.198464870452881,1462000,1.5419381856918335
6785.22,-714445.575,0.0,117,73200,5.0865936279296875,1464000,5.62094783782959
6802.79,-698804.5425,0.0,117,73300,4.920449256896973,1466000,0.5919777750968933
6802.79,-698804.5425,0.0,117,73400,4.781987190246582,1468000,2.893489360809326
6802.79,-698804.5425,0.0,117,73500,4.680253028869629,1470000,0.5517386198043823
6802.79,-698804.5425,0.0,117,73600,4.59904670715332,1472000,0.1281929612159729
6802.79,-698804.5425,-2.384185791015625e-07,117,73700,4.604847431182861,1474000,0.0872325450181961
6802.79,-698804.5425,0.0,117,73800,4.6844706535339355,1476000,4.523336887359619
6802.79,-698804.5425,1.1920928955078125e-07,117,73900,4.768320083618164,1478000,2.3197922706604004
6802.79,-698804.5425,0.0,117,74000,4.856804847717285,1480000,2.335254192352295
6802.79,-698804.5425,0.0,117,74100,4.907933235168457,1482000,0.05084744840860367
6802.79,-698804.5425,-1.1920928955078125e-07,117,74200,4.922968864440918,1484000,4.8826904296875
6802.79,-698804.5425,0.0,117,74300,5.080180644989014,1486000,3.025045871734619
6802.79,-698804.5425,0.0,117,74400,5.207248210906982,1488000,4.724401950836182
6842.8,-689830.7725,5.960464477539063e-08,117,74500,5.335783004760742,1490000,0.44207271933555603
6876.96,-690087.7,-1.1920928955078125e-07,117,74600,5.378393650054932,1492000,7.326119899749756
6902.72,-689972.1125,0.0,117,74700,5.3166704177856445,1494000,4.953882694244385
6902.72,-689972.1125,-1.1920928955078125e-07,117,74800,5.355914115905762,1496000,7.387312889099121
6927.36,-690382.975,0.0,117,74900,5.309990882873535,1498000,1.6795618534088135
6927.36,-690382.975,0.0,117,75000,5.260828495025635,1500000,1.9701778888702393
6927.36,-690382.975,0.0,117,75100,5.230485916137695,1502000,1.4273885488510132
6927.36,-690382.975,0.0,117,75200,5.160194396972656,1504000,3.408956527709961
6927.36,-690382.975,-1.1920928955078125e-07,117,75300,5.041800498962402,1506000,0.11509404331445694
6920.64,-688116.72,0.0,117,75400,4.950857162475586,1508000,4.167577743530273
6920.64,-688116.72,0.0,117,75500,4.813554286956787,1510000,0.978034496307373
6920.64,-688116.72,1.1920928955078125e-07,117,75600,4.916346549987793,1512000,0.1345418393611908
6920.47,-671585.525,-1.1920928955078125e-07,117,75700,5.0246381759643555,1514000,0.5500397086143494
6920.47,-671585.525,-1.1920928955078125e-07,117,75800,4.983118534088135,1516000,3.97615122795105
6933.4,-668016.195,0.0,117,75900,5.188506126403809,1518000,0.6377560496330261
6933.4,-668016.195,0.0,117,76000,5.017948627471924,1520000,2.413364887237549
6933.4,-668016.195,-1.1920928955078125e-07,117,76100,5.066972732543945,1522000,3.205082416534424
6949.04,-667597.1925,-2.384185791015625e-07,117,76200,4.805347919464111,1524000,0.8318547010421753
6949.04,-667597.1925,0.0,117,76300,4.668132781982422,1526000,0.9079232215881348
6949.04,-667597.1925,-1.1920928955078125e-07,117,76400,4.6346611976623535,1528000,2.3078432083129883
6949.04,-667597.1925,0.0,117,76500,4.611733913421631,1530000,0.11041174083948135
6949.04,-667597.1925,0.0,117,76600,4.576330184936523,1532000,4.405819892883301
6949.04,-667597.1925,0.0,117,76700,4.57152795791626,1534000,0.09745541214942932
6949.04,-667597.1925,-1.1920928955078125e-07,117,76800,4.600631237030029,1536000,0.09739531576633453
6949.04,-667597.1925,0.0,117,76900,4.655485153198242,1538000,0.0860736221075058
6949.04,-667597.1925,1.1920928955078125e-07,117,77000,4.5457353591918945,1540000,3.3402340412139893
6949.04,-667597.1925,0.0,117,77100,4.60666561126709,1542000,0.47284072637557983
6949.04,-667597.1925,-1.1920928955078125e-07,117,77200,4.780078887939453,1544000,3.119448184967041
6972.99,-660757.7825,1.1920928955078125e-07,117,77300,4.870430946350098,1546000,2.564897060394287
6969.47,-660269.2725,-1.1920928955078125e-07,117,77400,4.981607437133789,1548000,0.4473939538002014
6969.47,-660269.2725,1.7881393432617188e-07,117,77500,4.826706886291504,1550000,1.8947556018829346
6969.47,-660269.2725,1.7881393432617188e-07,117,77600,4.869411468505859,1552000,4.018435478210449
6969.47,-660269.2725,5.960464477539063e-08,117,77700,4.852198600769043,1554000,1.3347537517547607
6969.47,-660269.2725,0.0,117,77800,4.815469741821289,1556000,2.4235823154449463
6979.38,-640312.8475,0.0,117,77900,5.057236671447754,1558000,3.8257365226745605
6981.27,-629329.43,1.7881393432617188e-07,117,78000,5.040719985961914,1560000,3.800257921218872
6981.27,-629329.43,0.0,116,78100,4.965832710266113,1562000,2.481064558029175
6981.27,-629329.43,1.1920928955078125e-07,116,78200,4.943320274353027,1564000,2.4843688011169434
6981.27,-629329.43,0.0,116,78300,4.976922988891602,1566000,3.6406517028808594
6994.79,-641828.6825,0.0,116,78400,4.893962383270264,1568000,5.001040458679199
6994.79,-641828.6825,5.960464477539063e-08,116,78500,4.83940315246582,1570000,3.1609585285186768
7009.75,-639882.79,-2.384185791015625e-07,116,78600,4.818920135498047,1572000,0.15146851539611816
7009.75,-639882.79,5.960464477539063e-08,116,78700,4.6543474197387695,1574000,0.6994608640670776
7009.75,-639882.79,1.1920928955078125e-07,116,78800,4.5385236740112305,1576000,0.408722460269928
7009.75,-639882.79,0.0,116,78900,4.475870609283447,1578000,2.25001859664917
7009.75,-639882.79,0.0,116,79000,4.538658618927002,1580000,2.275301456451416
7009.75,-639882.79,1.1920928955078125e-07,116,79100,4.563790798187256,1582000,0.09473022073507309
7009.75,-639882.79,1.1920928955078125e-07,117,79200,4.607083320617676,1584000,2.2661499977111816
7009.75,-639882.79,0.0,117,79300,4.663079738616943,1586000,2.3048346042633057
7009.75,-639882.79,-1.1920928955078125e-07,117,79400,4.597825527191162,1588000,0.463919073343277
7009.75,-639882.79,0.0,116,79500,4.614145755767822,1590000,1.8024059534072876
7009.75,-639882.79,-1.1920928955078125e-07,116,79600,4.741785049438477,1592000,0.6605881452560425
7049.52,-648186.25,0.0,116,79700,4.921189785003662,1594000,4.659080505371094
7049.52,-648186.25,1.1920928955078125e-07,116,79800,5.101108551025391,1596000,1.2267240285873413
7049.52,-648186.25,0.0,116,79900,5.167905807495117,1598000,1.34256112575531
7130.09,-659251.93,0.0,116,80000,5.198420524597168,1600000,0.7253028750419617
7130.09,-659251.93,-1.1920928955078125e-07,116,80100,4.9578399658203125,1602000,2.2149527072906494
7130.09,-659251.93,0.0,116,80200,4.879256248474121,1604000,2.9560742378234863
7130.09,-659251.93,-1.1920928955078125e-07,116,80300,4.930203437805176,1606000,3.229459285736084
7130.09,-659251.93,0.0,116,80400,4.834560394287109,1608000,2.3419528007507324
7130.09,-659251.93,-1.1920928955078125e-07,116,80500,4.9759368896484375,1610000,5.372138023376465
7176.62,-658568.1725,1.1920928955078125e-07,116,80600,5.038853168487549,1612000,4.099031925201416
7176.62,-658568.1725,0.0,116,80700,5.06405782699585,1614000,3.3496062755584717
7176.62,-658568.1725,5.960464477539063e-08,116,80800,5.02529239654541,1616000,0.10548309981822968
7176.62,-658568.1725,0.0,116,80900,5.142437934875488,1618000,8.888545989990234
7149.87,-667950.745,-1.1920928955078125e-07,116,81000,5.163264274597168,1620000,1.8521960973739624
7149.87,-667950.745,1.1920928955078125e-07,116,81100,5.200855731964111,1622000,4.175820350646973
7120.76,-663374.9575,0.0,116,81200,5.228776454925537,1624000,6.373227596282959
7120.76,-663374.9575,2.384185791015625e-07,116,81300,5.1457624435424805,1626000,3.865304470062256
7110.46,-656736.62,0.0,116,81400,5.0308942794799805,1628000,0.9625126123428345
7110.46,-656736.62,-1.1920928955078125e-07,116,81500,4.838988780975342,1630000,1.4051034450531006
7110.46,-656736.62,0.0,116,81600,4.73868465423584,1632000,3.1707072257995605
7110.46,-656736.62,-2.384185791015625e-07,116,81700,4.642019271850586,1634000,2.2715554237365723
7110.46,-656736.62,-1.1920928955078125e-07,116,81800,4.586840629577637,1636000,2.247161388397217
7110.46,-656736.62,0.0,116,81900,4.6405792236328125,1638000,2.245478868484497
7110.46,-656736.62,-1.1920928955078125e-07,116,82000,4.661639213562012,1640000,0.10230481624603271
7110.46,-656736.62,0.0,116,82100,4.793555736541748,1642000,1.8636785745620728
7110.46,-656736.62,0.0,116,82200,4.842674255371094,1644000,2.886514663696289
7110.46,-656736.62,0.0,116,82300,4.974525451660156,1646000,2.1594746112823486
7112.03,-640619.1525,0.0,116,82400,5.165047645568848,1648000,7.5945725440979
7146.58,-663656.3825,-1.1920928955078125e-07,116,82500,5.198413848876953,1650000,1.8784229755401611
7146.58,-663656.3825,-1.1920928955078125e-07,116,82600,5.207666397094727,1652000,2.956871509552002
7166.05,-667582.1225,0.0,116,82700,5.1625261306762695,1654000,4.532956123352051
7166.05,-667582.1225,0.0,116,82800,5.104226112365723,1656000,5.0947675704956055
7166.05,-667582.1225,1.1920928955078125e-07,116,82900,5.033054351806641,1658000,3.310419797897339
7166.05,-667582.1225,-1.1920928955078125e-07,116,83000,5.063888072967529,1660000,0.19272272288799286
7166.05,-667582.1225,0.0,116,83100,5.0958356857299805,1662000,0.033241480588912964
7166.05,-667582.1225,0.0,116,83200,5.052536964416504,1664000,0.37155669927597046
7166.05,-667582.1225,0.0,116,83300,5.024423599243164,1666000,0.19157347083091736
7166.05,-667582.1225,-1.1920928955078125e-07,116,83400,5.1470489501953125,1668000,0.6611501574516296
7169.38,-679021.26,0.0,116,83500,5.0879082679748535,1670000,2.7485692501068115
7169.38,-679021.26,0.0,116,83600,5.105853080749512,1672000,3.083639621734619
7176.42,-693506.05,1.7881393432617188e-07,116,83700,5.164906024932861,1674000,3.408360719680786
7176.42,-693506.05,0.0,116,83800,5.127824783325195,1676000,7.5601806640625
7192.68,-693035.975,-1.1920928955078125e-07,116,83900,5.177090167999268,1678000,1.3704938888549805
7192.68,-693035.975,1.1920928955078125e-07,116,84000,5.147289752960205,1680000,2.574772357940674
7207.09,-684582.26,1.1920928955078125e-07,116,84100,5.084721565246582,1682000,5.503525733947754
7207.09,-684582.26,-1.1920928955078125e-07,116,84200,5.005760192871094,1684000,1.6821632385253906
7207.09,-684582.26,0.0,116,84300,4.916515350341797,1686000,0.06589387357234955
7207.09,-684582.26,-1.1920928955078125e-07,116,84400,4.923949241638184,1688000,0.5495287179946899
7207.09,-684582.26,1.1920928955078125e-07,116,84500,4.866955757141113,1690000,0.23132362961769104
7207.09,-684582.26,-1.1920928955078125e-07,116,84600,4.894096851348877,1692000,0.052727364003658295
7207.09,-684582.26,-2.384185791015625e-07,116,84700,4.933228492736816,1694000,7.686985969543457
7214.34,-683714.7575,1.7881393432617188e-07,116,84800,4.990533351898193,1696000,0.34370169043540955
7214.34,-683714.7575,1.7881393432617188e-07,116,84900,4.8544206619262695,1698000,0.7408711314201355
7214.34,-683714.7575,0.0,116,85000,4.86843204498291,1700000,0.8492071032524109
7204.25,-673560.6075,0.0,116,85100,4.949581146240234,1702000,0.8946903347969055
7204.25,-673560.6075,0.0,116,85200,4.791251182556152,1704000,0.0656326562166214
7240.0,-678244.785,2.384185791015625e-07,116,85300,4.9136810302734375,1706000,8.792617797851562
7240.0,-678244.785,-1.1920928955078125e-07,116,85400,4.802707672119141,1708000,3.1440513134002686
7240.0,-678244.785,0.0,116,85500,4.731574535369873,1710000,4.359606742858887
7240.0,-678244.785,0.0,116,85600,4.785179138183594,1712000,0.41905879974365234
7240.0,-678244.785,0.0,116,85700,4.719915866851807,1714000,5.036319732666016
7240.0,-678244.785,0.0,116,85800,4.854748725891113,1716000,0.05717446655035019
7272.16,-679725.2075,0.0,116,85900,4.851755142211914,1718000,0.7131842374801636
7272.16,-679725.2075,0.0,116,86000,4.8424482345581055,1720000,2.1827633380889893
7272.16,-679725.2075,-1.1920928955078125e-07,116,86100,4.9170026779174805,1722000,3.586604356765747
7272.16,-679725.2075,0.0,116,86200,4.944097518920898,1724000,1.9386708736419678
7271.74,-695172.4125,0.0,116,86300,5.0705156326293945,1726000,4.223315238952637
7269.14,-715551.8575,0.0,116,86400,5.078580856323242,1728000,5.474677562713623
7269.14,-715551.8575,0.0,116,86500,5.010473728179932,1730000,6.912889003753662
7269.14,-715551.8575,-1.1920928955078125e-07,116,86600,5.007728099822998,1732000,1.962734580039978
7269.14,-715551.8575,-1.1920928955078125e-07,116,86700,4.876157283782959,1734000,0.1917341649532318
7269.14,-715551.8575,-2.384185791015625e-07,116,86800,4.800421714782715,1736000,0.6058494448661804
7269.14,-715551.8575,-1.1920928955078125e-07,116,86900,4.856551170349121,1738000,0.06310389935970306
7269.14,-715551.8575,0.0,116,87000,4.938161373138428,1740000,3.1886157989501953
7269.14,-715551.8575,5.960464477539063e-08,116,87100,4.965279579162598,1742000,5.381234169006348
7269.14,-715551.8575,5.960464477539063e-08,116,87200,4.940162658691406,1744000,0.933215320110321
7269.14,-715551.8575,0.0,116,87300,5.003076076507568,1746000,3.0567679405212402
7246.57,-710284.0325,0.0,116,87400,5.03931999206543,1748000,0.03929337114095688
7246.57,-710284.0325,0.0,116,87500,4.956827640533447,1750000,2.4880261421203613
7246.57,-710284.0325,0.0,116,87600,4.939152717590332,1752000,2.084473133087158
7246.57,-710284.0325,0.0,116,87700,4.97080135345459,1754000,1.2797218561172485
7226.52,-706125.98,0.0,116,87800,4.999334335327148,1756000,1.262152910232544
7226.52,-706125.98,1.1920928955078125e-07,116,87900,4.895661354064941,1758000,1.3964757919311523
7226.52,-706125.98,0.0,116,88000,4.963642120361328,1760000,3.1710143089294434
7225.22,-712237.8675,-1.1920928955078125e-07,116,88100,5.027416706085205,1762000,2.064004898071289
7225.22,-712237.8675,-1.1920928955078125e-07,116,88200,4.974667549133301,1764000,0.3018038868904114
7242.82,-702413.695,1.1920928955078125e-07,116,88300,4.9022674560546875,1766000,2.7540335655212402
7242.82,-702413.695,5.960464477539063e-08,116,88400,4.815336227416992,1768000,0.9625570178031921
7242.82,-702413.695,-1.1920928955078125e-07,116,88500,4.797449111938477,1770000,3.517664670944214
7242.82,-702413.695,5.960464477539063e-08,116,88600,4.760672569274902,1772000,0.4898945391178131
7242.82,-702413.695,-1.1920928955078125e-07,116,88700,4.79547119140625,1774000,0.09968222677707672
7243.82,-686001.15,-1.1920928955078125e-07,116,88800,4.8540520668029785,1776000,0.3899994492530823
7243.82,-686001.15,1.1920928955078125e-07,116,88900,4.7682294845581055,1778000,2.2894275188446045
7243.82,-686001.15,-1.1920928955078125e-07,116,89000,4.796889305114746,1780000,0.8523160815238953
7243.82,-686001.15,0.0,116,89100,4.753425598144531,1782000,0.9364557266235352
7243.82,-686001.15,0.0,116,89200,4.7553510665893555,1784000,0.08471199125051498
7243.82,-686001.15,0.0,116,89300,4.7904229164123535,1786000,0.44725218415260315
7243.82,-686001.15,0.0,116,89400,4.880621433258057,1788000,2.6702020168304443
7243.82,-686001.15,0.0,116,89500,4.973285675048828,1790000,10.715324401855469
7249.11,-675065.76,0.0,116,89600,4.96885871887207,1792000,6.9634599685668945
7249.11,-675065.76,5.960464477539063e-08,116,89700,5.042862892150879,1794000,6.341977119445801
7234.97,-674899.2625,0.0,116,89800,5.118294715881348,1796000,2.619095802307129
7234.97,-674899.2625,0.0,116,89900,5.1379008293151855,1798000,0.024592325091362
7280.17,-687072.88,5.960464477539063e-08,116,90000,5.1483917236328125,1800000,1.2398780584335327
7280.17,-687072.88,0.0,116,90100,5.093069553375244,1802000,0.33816176652908325
7280.17,-687072.88,-1.1920928955078125e-07,116,90200,5.026715278625488,1804000,4.1567583084106445
7280.17,-687072.88,1.1920928955078125e-07,116,90300,5.001187801361084,1806000,0.15109845995903015
7280.17,-687072.88,0.0,116,90400,5.00717830657959,1808000,2.3725368976593018
7280.17,-687072.88,-1.1920928955078125e-07,116,90500,5.0224809646606445,1810000,4.712529182434082
7280.17,-687072.88,1.1920928955078125e-07,116,90600,5.057149410247803,1812000,0.08428565412759781
7280.17,-687072.88,0.0,116,90700,5.070466995239258,1814000,0.03521203249692917
7280.17,-687072.88,-1.1920928955078125e-07,116,90800,5.062906742095947,1816000,0.21416477859020233
7280.17,-687072.88,-1.1920928955078125e-07,116,90900,5.103620529174805,1818000,3.6340725421905518
7280.17,-687072.88,1.1920928955078125e-07,116,91000,5.122962474822998,1820000,0.43916791677474976
7263.17,-691647.9325,0.0,116,91100,5.163141250610352,1822000,4.773041248321533
7263.17,-691647.9325,1.1920928955078125e-07,116,91200,5.204044342041016,1824000,6.375148296356201
7244.19,-695537.3125,0.0,116,91300,5.257629871368408,1826000,2.9544432163238525
7244.19,-695537.3125,0.0,116,91400,5.257404804229736,1828000,1.8700973987579346
7244.19,-695537.3125,0.0,116,91500,5.2223896980285645,1830000,5.349125862121582
7282.94,-710993.53,0.0,116,91600,5.200804710388184,1832000,2.0158824920654297
7282.94,-710993.53,0.0,116,91700,5.164931774139404,1834000,0.19682927429676056
7282.94,-710993.53,5.960464477539063e-08,116,91800,5.1259355545043945,1836000,0.8921712636947632
7282.94,-710993.53,0.0,116,91900,5.089261531829834,1838000,5.415215015411377
7282.94,-710993.53,-1.1920928955078125e-07,116,92000,5.07955265045166,1840000,3.14780592918396
7282.94,-710993.53,-1.1920928955078125e-07,116,92100,5.079559326171875,1842000,5.106723308563232
7244.24,-697942.43,2.384185791015625e-07,116,92200,5.142998695373535,1844000,3.3626129627227783
7244.24,-697942.43,0.0,116,92300,5.099984645843506,1846000,1.5490710735321045
7244.24,-697942.43,1.1920928955078125e-07,116,92400,5.106101989746094,1848000,1.3233367204666138
7244.24,-697942.43,0.0,116,92500,5.127809047698975,1850000,0.36762309074401855
7224.09,-694696.4275,-1.1920928955078125e-07,116,92600,5.1604323387146,1852000,0.11600160598754883
7197.94,-705637.67,5.960464477539063e-08,116,92700,5.112666130065918,1854000,1.7042903900146484
7197.94,-705637.67,-1.1920928955078125e-07,116,92800,5.104485988616943,1856000,4.122437477111816
7197.94,-705637.67,1.1920928955078125e-07,116,92900,5.087708473205566,1858000,1.5717871189117432
7244.79,-702110.315,1.1920928955078125e-07,116,93000,5.0985188484191895,1860000,4.530655860900879
7244.79,-702110.315,0.0,116,93100,5.053587436676025,1862000,1.4400684833526611
7244.79,-702110.315,0.0,116,93200,5.041890621185303,1864000,3.026345729827881
7244.79,-702110.315,5.960464477539063e-08,116,93300,5.060360431671143,1866000,1.800445318222046
7244.79,-702110.315,0.0,116,93400,5.053574085235596,1868000,3.0190722942352295
7244.79,-702110.315,-1.1920928955078125e-07,116,93500,5.0629119873046875,1870000,2.391982078552246
7235.74,-716775.9275,1.7881393432617188e-07,116,93600,5.1002984046936035,1872000,1.4502159357070923
7222.43,-723763.8075,-1.1920928955078125e-07,116,93700,5.0889458656311035,1874000,4.1073737144470215
7222.43,-723763.8075,-1.1920928955078125e-07,116,93800,5.043367385864258,1876000,3.8961684703826904
7222.43,-723763.8075,0.0,116,93900,5.031392574310303,1878000,1.4996063709259033
7222.43,-723763.8075,-1.1920928955078125e-07,116,94000,5.022548675537109,1880000,3.1219277381896973
7222.43,-723763.8075,-1.1920928955078125e-07,116,94100,4.980128288269043,1882000,2.605391025543213
7222.43,-723763.8075,0.0,116,94200,5.014786720275879,1884000,3.050771713256836
7231.88,-707624.35,2.384185791015625e-07,116,94300,5.027478218078613,1886000,0.26722604036331177
7231.88,-707624.35,5.960464477539063e-08,116,94400,4.9858222007751465,1888000,3.6613166332244873
7231.88,-707624.35,0.0,116,94500,4.997829437255859,1890000,3.1384568214416504
7231.88,-707624.35,0.0,116,94600,4.9931769371032715,1892000,2.7289509773254395
7231.88,-707624.35,0.0,116,94700,5.011248588562012,1894000,3.0630078315734863
7250.7,-712694.175,0.0,116,94800,4.990782260894775,1896000,1.1035598516464233
7250.7,-712694.175,1.1920928955078125e-07,116,94900,4.98835563659668,1898000,0.887812614440918
7250.7,-712694.175,0.0,116,95000,5.00578498840332,1900000,3.223280429840088
7250.7,-712694.175,0.0,116,95100,5.043642997741699,1902000,2.7241549491882324
7285.21,-705509.02,0.0,116,95200,5.028783798217773,1904000,3.8061416149139404
7285.21,-705509.02,1.1920928955078125e-07,116,95300,5.011668682098389,1906000,1.0275585651397705
7285.21,-705509.02,1.1920928955078125e-07,116,95400,4.9992780685424805,1908000,0.4735252261161804
7285.21,-705509.02,0.0,116,95500,4.981265068054199,1910000,4.637636661529541
7285.21,-705509.02,-1.1920928955078125e-07,116,95600,5.005092620849609,1912000,5.381577968597412
7283.04,-703197.0275,0.0,116,95700,4.990348815917969,1914000,3.3875527381896973
7283.04,-703197.0275,5.960464477539063e-08,116,95800,4.989123344421387,1916000,6.134299278259277
7283.04,-703197.0275,0.0,116,95900,4.990911960601807,1918000,2.4422664642333984
7283.04,-703197.0275,-1.1920928955078125e-07,116,96000,5.011361122131348,1920000,2.436379909515381
7297.85,-693830.53,-1.1920928955078125e-07,116,96100,5.005721569061279,1922000,3.556445360183716
7297.85,-693830.53,0.0,116,96200,5.000888824462891,1924000,0.9376974105834961
7297.85,-693830.53,-1.1920928955078125e-07,116,96300,5.02413272857666,1926000,0.4612467885017395
7303.47,-679111.54,0.0,116,96400,5.00732946395874,1928000,4.441117286682129
7303.47,-679111.54,0.0,116,96500,5.017561435699463,1930000,0.3873823285102844
7303.47,-679111.54,0.0,116,96600,5.032327175140381,1932000,0.7188801765441895
7282.7,-678260.975,0.0,116,96700,5.033458232879639,1934000,3.137040376663208
7287.6,-694088.0075,5.960464477539063e-08,116,96800,5.046215534210205,1936000,1.194724678993225
7287.6,-694088.0075,0.0,116,96900,5.020186424255371,1938000,5.343364715576172
7287.6,-694088.0075,-1.1920928955078125e-07,116,97000,5.007721900939941,1940000,1.7767620086669922
7287.6,-694088.0075,-3.5762786865234375e-07,116,97100,5.009920597076416,1942000,0.5976734161376953
7287.6,-694088.0075,0.0,116,97200,5.009860038757324,1944000,2.352785110473633
7287.6,-694088.0075,-1.1920928955078125e-07,116,97300,5.012563705444336,1946000,0.048843931406736374
7287.6,-694088.0075,5.960464477539063e-08,116,97400,5.010753631591797,1948000,1.6327171325683594
7287.6,-694088.0075,0.0,116,97500,5.007881164550781,1950000,8.413238525390625
7295.47,-685127.5225,0.0,116,97600,5.021884441375732,1952000,1.7542469501495361
7295.47,-685127.5225,0.0,116,97700,5.022122859954834,1954000,2.8732516765594482
7325.74,-688449.0475,-1.1920928955078125e-07,116,97800,5.0283203125,1956000,0.7584575414657593
7326.25,-705046.8575,0.0,116,97900,5.025956153869629,1958000,3.503763198852539
7326.25,-705046.8575,-1.1920928955078125e-07,116,98000,5.016636848449707,1960000,2.4259192943573
7326.25,-705046.8575,-1.1920928955078125e-07,116,98100,5.0050554275512695,1962000,2.7072932720184326
7326.25,-705046.8575,0.0,116,98200,5.012723445892334,1964000,3.5355706214904785
7321.21,-716894.9025,5.960464477539063e-08,116,98300,5.006315231323242,1966000,0.3845832943916321
7321.21,-716894.9025,-1.1920928955078125e-07,116,98400,5.006505966186523,1968000,3.079806089401245
7321.21,-716894.9025,-1.1920928955078125e-07,116,98500,5.007877349853516,1970000,2.6057934761047363
7321.21,-716894.9025,0.0,116,98600,5.00273323059082,1972000,0.1171777993440628
7321.21,-716894.9025,0.0,116,98700,5.008730888366699,1974000,5.382179260253906
7306.75,-732794.2325,0.0,116,98800,5.018361568450928,1976000,3.2557449340820312
7306.75,-732794.2325,1.7881393432617188e-07,116,98900,5.015091896057129,1978000,5.756226539611816
7306.75,-732794.2325,0.0,116,99000,5.01278829574585,1980000,1.947980523109436
7306.75,-732794.2325,5.960464477539063e-08,116,99100,5.0196614265441895,1982000,3.965266466140747
7307.53,-738116.2525,0.0,116,99200,5.021744251251221,1984000,1.4842004776000977
7307.53,-738116.2525,5.960464477539063e-08,116,99300,5.0201945304870605,1986000,0.3852979838848114
7307.53,-738116.2525,0.0,116,99400,5.020343780517578,1988000,3.932002305984497
7329.66,-734313.855,-1.1920928955078125e-07,116,99500,5.020118713378906,1990000,1.0713380575180054
7329.66,-734313.855,0.0,116,99600,5.016907691955566,1992000,0.04856107383966446
7329.66,-734313.855,0.0,116,99700,5.018647193908691,1994000,3.215660810470581
7354.97,-739671.81,5.960464477539063e-08,116,99800,5.016695022583008,1996000,0.423328697681427
7354.97,-739671.81,0.0,116,99900,5.0159592628479,1998000,3.3623321056365967
7354.97,-739671.81,0.0,116,100000,5.015944004058838,2000000,4.035954475402832
